,Date,HDD,day_of_year,avg_dd,dd_diff,Consumption_Factor_Normalizied,Year,Month,Day
0,2020-01-01,24.99,1,16.775,8.215,8.215,2020,1,1
1,2020-01-02,22.18,2,16.27,5.91,5.91,2020,1,2
2,2020-01-03,14.02,3,20.36,-6.34,-6.34,2020,1,3
3,2020-01-04,16.37,4,21.262500000000003,-4.892500000000002,-4.892500000000002,2020,1,4
4,2020-01-05,27.11,5,22.96,4.149999999999999,4.149999999999999,2020,1,5
5,2020-01-06,23.64,6,25.192500000000003,-1.552500000000002,-1.552500000000002,2020,1,6
6,2020-01-07,28.97,7,30.365000000000002,-1.3950000000000031,-1.3950000000000031,2020,1,7
7,2020-01-08,28.0,8,31.3675,-3.3674999999999997,-3.3674999999999997,2020,1,8
8,2020-01-09,30.81,9,27.0375,3.7724999999999973,3.7724999999999973,2020,1,9
9,2020-01-10,15.14,10,26.3,-11.16,-11.16,2020,1,10
10,2020-01-11,2.27,11,24.8125,-22.5425,-22.5425,2020,1,11
11,2020-01-12,8.36,12,20.002499999999998,-11.642499999999998,-11.642499999999998,2020,1,12
12,2020-01-13,15.33,13,22.13,-6.799999999999999,-6.799999999999999,2020,1,13
13,2020-01-14,16.7,14,25.32,-8.620000000000001,-8.620000000000001,2020,1,14
14,2020-01-15,14.78,15,27.155,-12.375000000000002,-12.375000000000002,2020,1,15
15,2020-01-16,20.92,16,26.235000000000003,-5.315000000000001,-5.315000000000001,2020,1,16
16,2020-01-17,32.6,17,27.2775,5.322500000000002,5.322500000000002,2020,1,17
17,2020-01-18,27.35,18,25.37,1.9800000000000004,1.9800000000000004,2020,1,18
18,2020-01-19,29.67,19,23.14,6.530000000000001,6.530000000000001,2020,1,19
19,2020-01-20,37.02,20,30.3275,6.692500000000003,6.692500000000003,2020,1,20
20,2020-01-21,37.16,21,32.935,4.224999999999994,4.224999999999994,2020,1,21
21,2020-01-22,33.96,22,31.805,2.155000000000001,2.155000000000001,2020,1,22
22,2020-01-23,30.38,23,31.4375,-1.057500000000001,-1.057500000000001,2020,1,23
23,2020-01-24,19.6,24,27.1525,-7.552499999999998,-7.552499999999998,2020,1,24
24,2020-01-25,21.55,25,25.28,-3.7300000000000004,-3.7300000000000004,2020,1,25
25,2020-01-26,25.57,26,29.462500000000002,-3.892500000000002,-3.892500000000002,2020,1,26
26,2020-01-27,23.16,27,29.3325,-6.172499999999999,-6.172499999999999,2020,1,27
27,2020-01-28,25.27,28,28.4475,-3.177500000000002,-3.177500000000002,2020,1,28
28,2020-01-29,29.12,29,33.075,-3.955000000000002,-3.955000000000002,2020,1,29
29,2020-01-30,29.37,30,30.400000000000002,-1.0300000000000011,-1.0300000000000011,2020,1,30
30,2020-01-31,27.74,31,29.529999999999998,-1.7899999999999991,-1.7899999999999991,2020,1,31
31,2020-02-01,24.91,32,30.104999999999997,-5.194999999999997,-5.194999999999997,2020,2,1
32,2020-02-02,18.27,33,26.195,-7.925000000000001,-7.925000000000001,2020,2,2
33,2020-02-03,9.01,34,22.6125,-13.602500000000001,-13.602500000000001,2020,2,3
34,2020-02-04,5.91,35,22.7125,-16.8025,-16.8025,2020,2,4
35,2020-02-05,18.31,36,24.89,-6.580000000000002,-6.580000000000002,2020,2,5
36,2020-02-06,14.24,37,24.087500000000002,-9.847500000000002,-9.847500000000002,2020,2,6
37,2020-02-07,21.67,38,26.79,-5.119999999999997,-5.119999999999997,2020,2,7
38,2020-02-08,29.25,39,24.905,4.344999999999999,4.344999999999999,2020,2,8
39,2020-02-09,25.34,40,19.285,6.055,6.055,2020,2,9
40,2020-02-10,17.09,41,19.055,-1.9649999999999999,-1.9649999999999999,2020,2,10
41,2020-02-11,13.94,42,20.6225,-6.682499999999999,-6.682499999999999,2020,2,11
42,2020-02-12,18.85,43,23.5275,-4.677499999999998,-4.677499999999998,2020,2,12
43,2020-02-13,17.8,44,26.569999999999997,-8.769999999999996,-8.769999999999996,2020,2,13
44,2020-02-14,34.34,45,30.62,3.7200000000000024,3.7200000000000024,2020,2,14
45,2020-02-15,35.32,46,25.5225,9.7975,9.7975,2020,2,15
46,2020-02-16,23.64,47,19.7425,3.897500000000001,3.897500000000001,2020,2,16
47,2020-02-17,20.93,48,19.685,1.245000000000001,1.245000000000001,2020,2,17
48,2020-02-18,16.13,49,25.459999999999997,-9.329999999999998,-9.329999999999998,2020,2,18
49,2020-02-19,24.2,50,25.5875,-1.3874999999999993,-1.3874999999999993,2020,2,19
50,2020-02-20,32.69,51,28.61,4.079999999999998,4.079999999999998,2020,2,20
51,2020-02-21,36.22,52,24.6475,11.572499999999998,11.572499999999998,2020,2,21
52,2020-02-22,27.35,53,17.83,9.520000000000003,9.520000000000003,2020,2,22
53,2020-02-23,21.72,54,13.0125,8.7075,8.7075,2020,2,23
54,2020-02-24,19.29,55,20.002499999999998,-0.7124999999999986,-0.7124999999999986,2020,2,24
55,2020-02-25,13.78,56,19.9475,-6.167500000000002,-6.167500000000002,2020,2,25
56,2020-02-26,18.31,57,21.8275,-3.517500000000002,-3.517500000000002,2020,2,26
57,2020-02-27,28.02,58,21.7725,6.247499999999999,6.247499999999999,2020,2,27
58,2020-02-28,27.16,59,20.5675,6.592500000000001,6.592500000000001,2020,2,28
59,2020-02-29,33.42,60,22.195,11.225000000000001,11.225000000000001,2020,2,29
60,2020-03-01,25.39,61,19.37,6.02,6.02,2020,3,1
61,2020-03-02,13.22,62,17.33,-4.109999999999998,-4.109999999999998,2020,3,2
62,2020-03-03,11.41,63,19.6875,-8.2775,-8.2775,2020,3,3
63,2020-03-04,13.38,64,18.195,-4.8149999999999995,-4.8149999999999995,2020,3,4
64,2020-03-05,20.94,65,16.1325,4.807500000000001,4.807500000000001,2020,3,5
65,2020-03-06,20.53,66,18.5825,1.9475000000000016,1.9475000000000016,2020,3,6
66,2020-03-07,25.59,67,21.94,3.6499999999999986,3.6499999999999986,2020,3,7
67,2020-03-08,17.68,68,18.275,-0.5949999999999989,-0.5949999999999989,2020,3,8
68,2020-03-09,6.83,69,15.0,-8.17,-8.17,2020,3,9
69,2020-03-10,6.53,70,12.370000000000001,-5.840000000000001,-5.840000000000001,2020,3,10
70,2020-03-11,12.89,71,19.849999999999998,-6.959999999999997,-6.959999999999997,2020,3,11
71,2020-03-12,9.1,72,20.7075,-11.6075,-11.6075,2020,3,12
72,2020-03-13,5.65,73,16.7925,-11.1425,-11.1425,2020,3,13
73,2020-03-14,15.2,74,18.62,-3.4200000000000017,-3.4200000000000017,2020,3,14
74,2020-03-15,22.03,75,17.235,4.795000000000002,4.795000000000002,2020,3,15
75,2020-03-16,18.86,76,15.135,3.7249999999999996,3.7249999999999996,2020,3,16
76,2020-03-17,11.41,77,13.6225,-2.2125000000000004,-2.2125000000000004,2020,3,17
77,2020-03-18,13.64,78,18.03,-4.390000000000001,-4.390000000000001,2020,3,18
78,2020-03-19,1.56,79,16.4075,-14.847499999999998,-14.847499999999998,2020,3,19
79,2020-03-20,0.75,80,11.16,-10.41,-10.41,2020,3,20
80,2020-03-21,16.81,81,11.3325,5.477499999999999,5.477499999999999,2020,3,21
81,2020-03-22,18.53,82,9.3575,9.172500000000001,9.172500000000001,2020,3,22
82,2020-03-23,21.0,83,12.122499999999999,8.877500000000001,8.877500000000001,2020,3,23
83,2020-03-24,15.76,84,10.2225,5.5375,5.5375,2020,3,24
84,2020-03-25,19.73,85,12.535,7.195,7.195,2020,3,25
85,2020-03-26,13.3,86,13.592500000000001,-0.2925000000000004,-0.2925000000000004,2020,3,26
86,2020-03-27,3.56,87,14.0975,-10.5375,-10.5375,2020,3,27
87,2020-03-28,5.62,88,16.302500000000002,-10.682500000000001,-10.682500000000001,2020,3,28
88,2020-03-29,2.71,89,10.3775,-7.6674999999999995,-7.6674999999999995,2020,3,29
89,2020-03-30,4.56,90,6.672499999999999,-2.1125,-2.1125,2020,3,30
90,2020-03-31,18.29,91,16.475,1.8149999999999977,1.8149999999999977,2020,3,31
91,2020-04-01,18.08,92,19.8375,-1.7575000000000003,-1.7575000000000003,2020,4,1
92,2020-04-02,12.33,93,13.864999999999998,-1.5349999999999984,-1.5349999999999984,2020,4,2
93,2020-04-03,9.14,94,8.085,1.0549999999999997,1.0549999999999997,2020,4,3
94,2020-04-04,14.68,95,7.045,7.635,7.635,2020,4,4
95,2020-04-05,6.6,96,4.1925,2.4074999999999998,2.4074999999999998,2020,4,5
96,2020-04-06,5.63,97,8.9225,-3.2924999999999995,-3.2924999999999995,2020,4,6
97,2020-04-07,1.5,98,9.695,-8.195,-8.195,2020,4,7
98,2020-04-08,0.83,99,10.502500000000001,-9.672500000000001,-9.672500000000001,2020,4,8
99,2020-04-09,7.55,100,10.8525,-3.3024999999999993,-3.3024999999999993,2020,4,9
100,2020-04-10,21.19,101,8.540000000000001,12.65,12.65,2020,4,10
101,2020-04-11,13.39,102,5.3925,7.9975000000000005,7.9975000000000005,2020,4,11
102,2020-04-12,3.92,103,3.0725000000000002,0.8474999999999997,0.8474999999999997,2020,4,12
103,2020-04-13,2.83,104,2.8625000000000003,-0.032500000000000195,-0.032500000000000195,2020,4,13
104,2020-04-14,16.85,105,8.525,8.325000000000001,8.325000000000001,2020,4,14
105,2020-04-15,20.35,106,9.215,11.135000000000002,11.135000000000002,2020,4,15
106,2020-04-16,19.86,107,14.02,5.84,5.84,2020,4,16
107,2020-04-17,11.67,108,12.515,-0.8450000000000006,-0.8450000000000006,2020,4,17
108,2020-04-18,19.87,109,14.0075,5.862500000000001,5.862500000000001,2020,4,18
109,2020-04-19,9.62,110,6.24,3.379999999999999,3.379999999999999,2020,4,19
110,2020-04-20,12.76,111,8.3375,4.422499999999999,4.422499999999999,2020,4,20
111,2020-04-21,11.57,112,10.4125,1.1575000000000006,1.1575000000000006,2020,4,21
112,2020-04-22,11.26,113,9.2375,2.022499999999999,2.022499999999999,2020,4,22
113,2020-04-23,8.86,114,8.365,0.4949999999999992,0.4949999999999992,2020,4,23
114,2020-04-24,8.53,115,8.625,-0.09500000000000064,-0.09500000000000064,2020,4,24
115,2020-04-25,10.11,116,7.755,2.3549999999999995,2.3549999999999995,2020,4,25
116,2020-04-26,11.02,117,7.05,3.9699999999999998,3.9699999999999998,2020,4,26
117,2020-04-27,15.5,118,9.94,5.5600000000000005,5.5600000000000005,2020,4,27
118,2020-04-28,11.77,119,6.5675,5.2025,5.2025,2020,4,28
119,2020-04-29,1.44,120,5.4925,-4.0525,-4.0525,2020,4,29
120,2020-04-30,6.38,121,6.734999999999999,-0.35499999999999954,-0.35499999999999954,2020,4,30
121,2020-05-01,8.85,122,5.3125,3.5374999999999996,3.5374999999999996,2020,5,1
122,2020-05-02,2.23,123,4.3774999999999995,-2.1474999999999995,-2.1474999999999995,2020,5,2
123,2020-05-03,0.0,124,3.165,-3.165,-3.165,2020,5,3
124,2020-05-04,2.74,125,3.715,-0.9749999999999996,-0.9749999999999996,2020,5,4
125,2020-05-05,12.25,126,7.8725000000000005,4.3774999999999995,4.3774999999999995,2020,5,5
126,2020-05-06,14.23,127,10.227500000000001,4.0024999999999995,4.0024999999999995,2020,5,6
127,2020-05-07,9.48,128,9.54,-0.05999999999999872,-0.05999999999999872,2020,5,7
128,2020-05-08,14.26,129,8.2675,5.9925,5.9925,2020,5,8
129,2020-05-09,21.64,130,9.9625,11.6775,11.6775,2020,5,9
130,2020-05-10,9.59,131,4.74,4.85,4.85,2020,5,10
131,2020-05-11,13.93,132,7.1725,6.757499999999999,6.757499999999999,2020,5,11
132,2020-05-12,14.5,133,6.1049999999999995,8.395,8.395,2020,5,12
133,2020-05-13,8.38,134,4.3025,4.077500000000001,4.077500000000001,2020,5,13
134,2020-05-14,1.08,135,1.7575,-0.6775,-0.6775,2020,5,14
135,2020-05-15,0.0,136,1.485,-1.485,-1.485,2020,5,15
136,2020-05-16,0.0,137,1.835,-1.835,-1.835,2020,5,16
137,2020-05-17,1.74,138,1.995,-0.2550000000000001,-0.2550000000000001,2020,5,17
138,2020-05-18,4.29,139,1.405,2.885,2.885,2020,5,18
139,2020-05-19,7.52,140,1.92,5.6,5.6,2020,5,19
140,2020-05-20,9.63,141,2.8000000000000003,6.83,6.83,2020,5,20
141,2020-05-21,3.91,142,1.0275,2.8825000000000003,2.8825000000000003,2020,5,21
142,2020-05-22,0.15,143,1.025,-0.8749999999999999,-0.8749999999999999,2020,5,22
143,2020-05-23,0.0,144,2.09,-2.09,-2.09,2020,5,23
144,2020-05-24,2.13,145,2.73,-0.6000000000000001,-0.6000000000000001,2020,5,24
145,2020-05-25,0.15,146,1.23,-1.08,-1.08,2020,5,25
146,2020-05-26,0.11,147,0.46749999999999997,-0.3575,-0.3575,2020,5,26
147,2020-05-27,0.0,148,0.48250000000000004,-0.48250000000000004,-0.48250000000000004,2020,5,27
148,2020-05-28,0.0,149,2.3425000000000002,-2.3425000000000002,-2.3425000000000002,2020,5,28
149,2020-05-29,0.0,150,3.6350000000000002,-3.6350000000000002,-3.6350000000000002,2020,5,29
150,2020-05-30,0.03,151,0.7074999999999999,-0.6774999999999999,-0.6774999999999999,2020,5,30
151,2020-05-31,2.83,152,0.7125,2.1175,2.1175,2020,5,31
152,2020-06-01,2.63,153,0.6575,1.9725,1.9725,2020,6,1
153,2020-06-02,0.0,154,0.0375,-0.0375,-0.0375,2020,6,2
154,2020-06-03,0.0,155,0.9674999999999999,-0.9674999999999999,-0.9674999999999999,2020,6,3
155,2020-06-04,0.0,156,0.0875,-0.0875,-0.0875,2020,6,4
156,2020-06-05,0.0,157,0.015,-0.015,-0.015,2020,6,5
157,2020-06-06,0.0,158,0.1525,-0.1525,-0.1525,2020,6,6
158,2020-06-07,0.0,159,0.4675,-0.4675,-0.4675,2020,6,7
159,2020-06-08,0.0,160,0.4375,-0.4375,-0.4375,2020,6,8
160,2020-06-09,0.0,161,0.01,-0.01,-0.01,2020,6,9
161,2020-06-10,0.0,162,0.0475,-0.0475,-0.0475,2020,6,10
162,2020-06-11,0.01,163,0.075,-0.065,-0.065,2020,6,11
163,2020-06-12,0.01,164,0.0225,-0.012499999999999999,-0.012499999999999999,2020,6,12
164,2020-06-13,0.06,165,0.04,0.019999999999999997,0.019999999999999997,2020,6,13
165,2020-06-14,0.36,166,0.09999999999999999,0.26,0.26,2020,6,14
166,2020-06-15,1.26,167,0.375,0.885,0.885,2020,6,15
167,2020-06-16,0.94,168,0.27749999999999997,0.6625,0.6625,2020,6,16
168,2020-06-17,0.43,169,0.16749999999999998,0.2625,0.2625,2020,6,17
169,2020-06-18,0.0,170,0.1025,-0.1025,-0.1025,2020,6,18
170,2020-06-19,0.0,171,0.01,-0.01,-0.01,2020,6,19
171,2020-06-20,0.0,172,0.57,-0.57,-0.57,2020,6,20
172,2020-06-21,0.0,173,0.9550000000000001,-0.9550000000000001,-0.9550000000000001,2020,6,21
173,2020-06-22,0.0,174,0.2425,-0.2425,-0.2425,2020,6,22
174,2020-06-23,0.0,175,0.0325,-0.0325,-0.0325,2020,6,23
175,2020-06-24,0.0,176,0.0,0.0,0.0,2020,6,24
176,2020-06-25,0.0,177,0.0,0.0,0.0,2020,6,25
177,2020-06-26,0.0,178,0.0025,-0.0025,-0.0025,2020,6,26
178,2020-06-27,0.0,179,0.0,0.0,0.0,2020,6,27
179,2020-06-28,0.0,180,0.0,0.0,0.0,2020,6,28
180,2020-06-29,0.0,181,0.0,0.0,0.0,2020,6,29
181,2020-06-30,0.0,182,0.0,0.0,0.0,2020,6,30
182,2020-07-01,0.0,183,0.005,-0.005,-0.005,2020,7,1
183,2020-07-02,0.0,184,0.0075,-0.0075,-0.0075,2020,7,2
184,2020-07-03,0.0,185,0.0,0.0,0.0,2020,7,3
185,2020-07-04,0.0,186,0.0,0.0,0.0,2020,7,4
186,2020-07-05,0.0,187,0.0,0.0,0.0,2020,7,5
187,2020-07-06,0.0,188,0.0,0.0,0.0,2020,7,6
188,2020-07-07,0.0,189,0.0,0.0,0.0,2020,7,7
189,2020-07-08,0.0,190,0.0,0.0,0.0,2020,7,8
190,2020-07-09,0.0,191,0.025,-0.025,-0.025,2020,7,9
191,2020-07-10,0.0,192,0.0,0.0,0.0,2020,7,10
192,2020-07-11,0.0,193,0.0,0.0,0.0,2020,7,11
193,2020-07-12,0.0,194,0.0,0.0,0.0,2020,7,12
194,2020-07-13,0.0,195,0.0,0.0,0.0,2020,7,13
195,2020-07-14,0.0,196,0.0,0.0,0.0,2020,7,14
196,2020-07-15,0.0,197,0.0,0.0,0.0,2020,7,15
197,2020-07-16,0.0,198,0.0,0.0,0.0,2020,7,16
198,2020-07-17,0.0,199,0.0,0.0,0.0,2020,7,17
199,2020-07-18,0.0,200,0.0,0.0,0.0,2020,7,18
200,2020-07-19,0.0,201,0.0,0.0,0.0,2020,7,19
201,2020-07-20,0.0,202,0.0,0.0,0.0,2020,7,20
202,2020-07-21,0.0,203,0.0,0.0,0.0,2020,7,21
203,2020-07-22,0.0,204,0.0,0.0,0.0,2020,7,22
204,2020-07-23,0.0,205,0.0,0.0,0.0,2020,7,23
205,2020-07-24,0.0,206,0.0,0.0,0.0,2020,7,24
206,2020-07-25,0.0,207,0.0,0.0,0.0,2020,7,25
207,2020-07-26,0.0,208,0.0,0.0,0.0,2020,7,26
208,2020-07-27,0.0,209,0.0,0.0,0.0,2020,7,27
209,2020-07-28,0.0,210,0.0,0.0,0.0,2020,7,28
210,2020-07-29,0.0,211,0.0,0.0,0.0,2020,7,29
211,2020-07-30,0.0,212,0.0,0.0,0.0,2020,7,30
212,2020-07-31,0.0,213,0.0,0.0,0.0,2020,7,31
213,2020-08-01,0.0,214,0.0,0.0,0.0,2020,8,1
214,2020-08-02,0.0,215,0.0,0.0,0.0,2020,8,2
215,2020-08-03,0.0,216,0.0,0.0,0.0,2020,8,3
216,2020-08-04,0.0,217,0.0,0.0,0.0,2020,8,4
217,2020-08-05,0.0,218,0.0,0.0,0.0,2020,8,5
218,2020-08-06,0.0,219,0.0,0.0,0.0,2020,8,6
219,2020-08-07,0.0,220,0.0,0.0,0.0,2020,8,7
220,2020-08-08,0.0,221,0.0,0.0,0.0,2020,8,8
221,2020-08-09,0.0,222,0.0,0.0,0.0,2020,8,9
222,2020-08-10,0.0,223,0.0,0.0,0.0,2020,8,10
223,2020-08-11,0.0,224,0.0025,-0.0025,-0.0025,2020,8,11
224,2020-08-12,0.0,225,0.0,0.0,0.0,2020,8,12
225,2020-08-13,0.0,226,0.0,0.0,0.0,2020,8,13
226,2020-08-14,0.0,227,0.03,-0.03,-0.03,2020,8,14
227,2020-08-15,0.04,228,0.027500000000000004,0.012499999999999997,0.012499999999999997,2020,8,15
228,2020-08-16,0.0,229,0.0,0.0,0.0,2020,8,16
229,2020-08-17,0.0,230,0.0025,-0.0025,-0.0025,2020,8,17
230,2020-08-18,0.0,231,0.0,0.0,0.0,2020,8,18
231,2020-08-19,0.0,232,0.0,0.0,0.0,2020,8,19
232,2020-08-20,0.0,233,0.0,0.0,0.0,2020,8,20
233,2020-08-21,0.0,234,0.0,0.0,0.0,2020,8,21
234,2020-08-22,0.0,235,0.0,0.0,0.0,2020,8,22
235,2020-08-23,0.0,236,0.0,0.0,0.0,2020,8,23
236,2020-08-24,0.0,237,0.0,0.0,0.0,2020,8,24
237,2020-08-25,0.0,238,0.0,0.0,0.0,2020,8,25
238,2020-08-26,0.0,239,0.0,0.0,0.0,2020,8,26
239,2020-08-27,0.0,240,0.0,0.0,0.0,2020,8,27
240,2020-08-28,0.0,241,0.0,0.0,0.0,2020,8,28
241,2020-08-29,0.0,242,0.0,0.0,0.0,2020,8,29
242,2020-08-30,0.0,243,0.005,-0.005,-0.005,2020,8,30
243,2020-08-31,0.01,244,0.0125,-0.0025000000000000005,-0.0025000000000000005,2020,8,31
244,2020-09-01,0.0,245,0.0375,-0.0375,-0.0375,2020,9,1
245,2020-09-02,0.0,246,0.015,-0.015,-0.015,2020,9,2
246,2020-09-03,0.0,247,0.0,0.0,0.0,2020,9,3
247,2020-09-04,0.0,248,0.0,0.0,0.0,2020,9,4
248,2020-09-05,0.04,249,0.015,0.025,0.025,2020,9,5
249,2020-09-06,0.01,250,0.0025,0.0075,0.0075,2020,9,6
250,2020-09-07,0.0,251,0.0,0.0,0.0,2020,9,7
251,2020-09-08,0.0,252,0.0225,-0.0225,-0.0225,2020,9,8
252,2020-09-09,0.0,253,0.09749999999999999,-0.09749999999999999,-0.09749999999999999,2020,9,9
253,2020-09-10,0.0,254,0.0125,-0.0125,-0.0125,2020,9,10
254,2020-09-11,0.0,255,0.0025,-0.0025,-0.0025,2020,9,11
255,2020-09-12,0.07,256,0.060000000000000005,0.010000000000000002,0.010000000000000002,2020,9,12
256,2020-09-13,0.0,257,0.07,-0.07,-0.07,2020,9,13
257,2020-09-14,0.54,258,0.335,0.20500000000000002,0.20500000000000002,2020,9,14
258,2020-09-15,5.1,259,1.2774999999999999,3.8225,3.8225,2020,9,15
259,2020-09-16,2.06,260,0.69,1.37,1.37,2020,9,16
260,2020-09-17,0.56,261,0.21500000000000002,0.34500000000000003,0.34500000000000003,2020,9,17
261,2020-09-18,3.59,262,0.995,2.5949999999999998,2.5949999999999998,2020,9,18
262,2020-09-19,10.03,263,2.525,7.504999999999999,7.504999999999999,2020,9,19
263,2020-09-20,8.1,264,2.05,6.05,6.05,2020,9,20
264,2020-09-21,10.13,265,2.8825000000000003,7.2475000000000005,7.2475000000000005,2020,9,21
265,2020-09-22,6.3,266,4.6975,1.6025,1.6025,2020,9,22
266,2020-09-23,0.3,267,1.75,-1.45,-1.45,2020,9,23
267,2020-09-24,1.01,268,0.855,0.15500000000000003,0.15500000000000003,2020,9,24
268,2020-09-25,1.83,269,2.165,-0.33499999999999996,-0.33499999999999996,2020,9,25
269,2020-09-26,0.2,270,2.4525,-2.2525,-2.2525,2020,9,26
270,2020-09-27,0.0,271,1.9024999999999999,-1.9024999999999999,-1.9024999999999999,2020,9,27
271,2020-09-28,0.01,272,1.8549999999999998,-1.8449999999999998,-1.8449999999999998,2020,9,28
272,2020-09-29,1.18,273,2.705,-1.5250000000000001,-1.5250000000000001,2020,9,29
273,2020-09-30,3.16,274,2.9775,0.1825000000000001,0.1825000000000001,2020,9,30
274,2020-10-01,1.42,275,2.885,-1.4649999999999999,-1.4649999999999999,2020,10,1
275,2020-10-02,8.57,276,5.5375,3.0325000000000006,3.0325000000000006,2020,10,2
276,2020-10-03,9.46,277,5.6625000000000005,3.7975000000000003,3.7975000000000003,2020,10,3
277,2020-10-04,7.56,278,3.7075,3.8524999999999996,3.8524999999999996,2020,10,4
278,2020-10-05,8.55,279,2.7025,5.8475,5.8475,2020,10,5
279,2020-10-06,4.28,280,3.8200000000000003,0.45999999999999996,0.45999999999999996,2020,10,6
280,2020-10-07,0.16,281,7.2375,-7.0775,-7.0775,2020,10,7
281,2020-10-08,5.64,282,7.095,-1.455,-1.455,2020,10,8
282,2020-10-09,4.36,283,5.2075,-0.8474999999999993,-0.8474999999999993,2020,10,9
283,2020-10-10,0.59,284,3.2875,-2.6975000000000002,-2.6975000000000002,2020,10,10
284,2020-10-11,0.28,285,1.9,-1.6199999999999999,-1.6199999999999999,2020,10,11
285,2020-10-12,4.22,286,2.435,1.7849999999999997,1.7849999999999997,2020,10,12
286,2020-10-13,6.09,287,6.04,0.04999999999999982,0.04999999999999982,2020,10,13
287,2020-10-14,4.08,288,4.96,-0.8799999999999999,-0.8799999999999999,2020,10,14
288,2020-10-15,0.67,289,3.925,-3.255,-3.255,2020,10,15
289,2020-10-16,12.4,290,10.6875,1.7125000000000004,1.7125000000000004,2020,10,16
290,2020-10-17,14.55,291,13.7575,0.7925000000000004,0.7925000000000004,2020,10,17
291,2020-10-18,9.99,292,10.43,-0.4399999999999995,-0.4399999999999995,2020,10,18
292,2020-10-19,2.94,293,7.387499999999999,-4.4475,-4.4475,2020,10,19
293,2020-10-20,0.31,294,5.68,-5.37,-5.37,2020,10,20
294,2020-10-21,0.05,295,6.4075,-6.3575,-6.3575,2020,10,21
295,2020-10-22,0.02,296,7.1425,-7.1225000000000005,-7.1225000000000005,2020,10,22
296,2020-10-23,0.03,297,4.02,-3.9899999999999998,-3.9899999999999998,2020,10,23
297,2020-10-24,2.57,298,2.5725,-0.0024999999999999467,-0.0024999999999999467,2020,10,24
298,2020-10-25,13.99,299,6.56,7.430000000000001,7.430000000000001,2020,10,25
299,2020-10-26,8.05,300,6.33,1.7200000000000006,1.7200000000000006,2020,10,26
300,2020-10-27,4.4,301,5.89,-1.4899999999999993,-1.4899999999999993,2020,10,27
301,2020-10-28,0.81,302,5.235,-4.425000000000001,-4.425000000000001,2020,10,28
302,2020-10-29,5.31,303,7.2075,-1.8975,-1.8975,2020,10,29
303,2020-10-30,16.79,304,12.4725,4.317499999999999,4.317499999999999,2020,10,30
304,2020-10-31,18.68,305,14.4875,4.192499999999999,4.192499999999999,2020,10,31
305,2020-11-01,15.63,306,16.5375,-0.9075000000000006,-0.9075000000000006,2020,11,1
306,2020-11-02,22.0,307,16.5075,5.4925,5.4925,2020,11,2
307,2020-11-03,15.29,308,12.91,2.379999999999999,2.379999999999999,2020,11,3
308,2020-11-04,11.22,309,10.344999999999999,0.8750000000000018,0.8750000000000018,2020,11,4
309,2020-11-05,7.88,310,9.0425,-1.1625000000000005,-1.1625000000000005,2020,11,5
310,2020-11-06,6.6,311,6.905,-0.3050000000000006,-0.3050000000000006,2020,11,6
311,2020-11-07,4.97,312,9.754999999999999,-4.784999999999999,-4.784999999999999,2020,11,7
312,2020-11-08,3.72,313,6.3025,-2.5825,-2.5825,2020,11,8
313,2020-11-09,2.29,314,8.905000000000001,-6.615000000000001,-6.615000000000001,2020,11,9
314,2020-11-10,0.14,315,6.25,-6.11,-6.11,2020,11,10
315,2020-11-11,0.21,316,9.68,-9.469999999999999,-9.469999999999999,2020,11,11
316,2020-11-12,7.59,317,17.8925,-10.302499999999998,-10.302499999999998,2020,11,12
317,2020-11-13,14.35,318,19.97,-5.619999999999999,-5.619999999999999,2020,11,13
318,2020-11-14,14.12,319,19.447499999999998,-5.327499999999999,-5.327499999999999,2020,11,14
319,2020-11-15,7.35,320,14.635,-7.285,-7.285,2020,11,15
320,2020-11-16,16.34,321,15.7325,0.6074999999999999,0.6074999999999999,2020,11,16
321,2020-11-17,20.28,322,18.305,1.9750000000000014,1.9750000000000014,2020,11,17
322,2020-11-18,28.38,323,24.987499999999997,3.392500000000002,3.392500000000002,2020,11,18
323,2020-11-19,22.87,324,25.6525,-2.782499999999999,-2.782499999999999,2020,11,19
324,2020-11-20,11.9,325,18.27,-6.369999999999999,-6.369999999999999,2020,11,20
325,2020-11-21,8.54,326,17.21,-8.670000000000002,-8.670000000000002,2020,11,21
326,2020-11-22,9.42,327,19.25,-9.83,-9.83,2020,11,22
327,2020-11-23,20.03,328,21.755000000000003,-1.7250000000000014,-1.7250000000000014,2020,11,23
328,2020-11-24,21.4,329,20.814999999999998,0.5850000000000009,0.5850000000000009,2020,11,24
329,2020-11-25,14.72,330,20.2225,-5.5024999999999995,-5.5024999999999995,2020,11,25
330,2020-11-26,5.8,331,17.1925,-11.392499999999998,-11.392499999999998,2020,11,26
331,2020-11-27,12.66,332,20.835,-8.175,-8.175,2020,11,27
332,2020-11-28,18.22,333,24.4625,-6.2425,-6.2425,2020,11,28
333,2020-11-29,17.67,334,20.1575,-2.487499999999997,-2.487499999999997,2020,11,29
334,2020-11-30,12.61,335,20.490000000000002,-7.880000000000003,-7.880000000000003,2020,11,30
335,2020-12-01,25.19,336,17.497500000000002,7.692499999999999,7.692499999999999,2020,12,1
336,2020-12-02,26.72,337,18.2275,8.4925,8.4925,2020,12,2
337,2020-12-03,22.82,338,22.265,0.5549999999999997,0.5549999999999997,2020,12,3
338,2020-12-04,15.32,339,20.695,-5.375,-5.375,2020,12,4
339,2020-12-05,22.76,340,19.8175,2.9425000000000026,2.9425000000000026,2020,12,5
340,2020-12-06,25.77,341,22.314999999999998,3.455000000000002,3.455000000000002,2020,12,6
341,2020-12-07,30.16,342,23.81,6.350000000000001,6.350000000000001,2020,12,7
342,2020-12-08,29.35,343,24.835,4.515000000000001,4.515000000000001,2020,12,8
343,2020-12-09,27.4,344,21.377499999999998,6.022500000000001,6.022500000000001,2020,12,9
344,2020-12-10,23.27,345,21.025,2.245000000000001,2.245000000000001,2020,12,10
345,2020-12-11,15.78,346,23.817500000000003,-8.037500000000003,-8.037500000000003,2020,12,11
346,2020-12-12,10.31,347,22.572499999999998,-12.262499999999998,-12.262499999999998,2020,12,12
347,2020-12-13,10.78,348,22.4225,-11.6425,-11.6425,2020,12,13
348,2020-12-14,27.06,349,22.3,4.759999999999998,4.759999999999998,2020,12,14
349,2020-12-15,29.9,350,20.81,9.09,9.09,2020,12,15
350,2020-12-16,30.33,351,19.384999999999998,10.945,10.945,2020,12,16
351,2020-12-17,30.26,352,23.16,7.100000000000001,7.100000000000001,2020,12,17
352,2020-12-18,32.51,353,30.905,1.6049999999999969,1.6049999999999969,2020,12,18
353,2020-12-19,32.2,354,31.3675,0.8325000000000031,0.8325000000000031,2020,12,19
354,2020-12-20,25.49,355,27.6425,-2.1525,-2.1525,2020,12,20
355,2020-12-21,23.2,356,23.55,-0.3500000000000014,-0.3500000000000014,2020,12,21
356,2020-12-22,25.85,357,29.354999999999997,-3.5049999999999955,-3.5049999999999955,2020,12,22
357,2020-12-23,25.14,358,27.7925,-2.6525,-2.6525,2020,12,23
358,2020-12-24,15.4,359,20.450000000000003,-5.0500000000000025,-5.0500000000000025,2020,12,24
359,2020-12-25,35.87,360,26.4075,9.462499999999999,9.462499999999999,2020,12,25
360,2020-12-26,36.8,361,25.7,11.099999999999998,11.099999999999998,2020,12,26
361,2020-12-27,31.89,362,22.2575,9.6325,9.6325,2020,12,27
362,2020-12-28,19.92,363,18.18,1.740000000000002,1.740000000000002,2020,12,28
363,2020-12-29,30.19,364,20.9625,9.227500000000003,9.227500000000003,2020,12,29
364,2020-12-30,26.45,365,18.13,8.32,8.32,2020,12,30
365,2020-12-31,18.8,366,18.13,0.6700000000000017,0.6700000000000017,2020,12,31
366,2021-01-01,25.5,1,16.775,8.725000000000001,8.725000000000001,2021,1,1
367,2021-01-02,15.62,2,16.27,-0.6500000000000004,-0.6500000000000004,2021,1,2
368,2021-01-03,26.23,3,20.36,5.870000000000001,5.870000000000001,2021,1,3
369,2021-01-04,26.36,4,21.262500000000003,5.097499999999997,5.097499999999997,2021,1,4
370,2021-01-05,25.43,5,22.96,2.469999999999999,2.469999999999999,2021,1,5
371,2021-01-06,28.17,6,25.192500000000003,2.977499999999999,2.977499999999999,2021,1,6
372,2021-01-07,27.55,7,30.365000000000002,-2.8150000000000013,-2.8150000000000013,2021,1,7
373,2021-01-08,29.83,8,31.3675,-1.5375000000000014,-1.5375000000000014,2021,1,8
374,2021-01-09,27.91,9,27.0375,0.8724999999999987,0.8724999999999987,2021,1,9
375,2021-01-10,28.63,10,26.3,2.3299999999999983,2.3299999999999983,2021,1,10
376,2021-01-11,30.12,11,24.8125,5.307500000000001,5.307500000000001,2021,1,11
377,2021-01-12,28.04,12,20.002499999999998,8.037500000000001,8.037500000000001,2021,1,12
378,2021-01-13,25.87,13,22.13,3.740000000000002,3.740000000000002,2021,1,13
379,2021-01-14,23.75,14,25.32,-1.5700000000000003,-1.5700000000000003,2021,1,14
380,2021-01-15,23.27,15,27.155,-3.8850000000000016,-3.8850000000000016,2021,1,15
381,2021-01-16,27.19,16,26.235000000000003,0.9549999999999983,0.9549999999999983,2021,1,16
382,2021-01-17,25.81,17,27.2775,-1.4675000000000011,-1.4675000000000011,2021,1,17
383,2021-01-18,27.56,18,25.37,2.1899999999999977,2.1899999999999977,2021,1,18
384,2021-01-19,23.88,19,23.14,0.7399999999999984,0.7399999999999984,2021,1,19
385,2021-01-20,29.79,20,30.3275,-0.5375000000000014,-0.5375000000000014,2021,1,20
386,2021-01-21,22.33,21,32.935,-10.605000000000004,-10.605000000000004,2021,1,21
387,2021-01-22,25.28,22,31.805,-6.524999999999999,-6.524999999999999,2021,1,22
388,2021-01-23,34.85,23,31.4375,3.4125000000000014,3.4125000000000014,2021,1,23
389,2021-01-24,33.81,24,27.1525,6.657500000000002,6.657500000000002,2021,1,24
390,2021-01-25,28.25,25,25.28,2.969999999999999,2.969999999999999,2021,1,25
391,2021-01-26,26.69,26,29.462500000000002,-2.772500000000001,-2.772500000000001,2021,1,26
392,2021-01-27,27.81,27,29.3325,-1.5225000000000009,-1.5225000000000009,2021,1,27
393,2021-01-28,35.88,28,28.4475,7.432500000000001,7.432500000000001,2021,1,28
394,2021-01-29,38.13,29,33.075,5.055,5.055,2021,1,29
395,2021-01-30,35.38,30,30.400000000000002,4.98,4.98,2021,1,30
396,2021-01-31,32.72,31,29.529999999999998,3.1900000000000013,3.1900000000000013,2021,1,31
397,2021-02-01,33.39,32,30.104999999999997,3.2850000000000037,3.2850000000000037,2021,2,1
398,2021-02-02,31.1,33,26.195,4.905000000000001,4.905000000000001,2021,2,2
399,2021-02-03,30.25,34,22.6125,7.637499999999999,7.637499999999999,2021,2,3
400,2021-02-04,26.56,35,22.7125,3.8475,3.8475,2021,2,4
401,2021-02-05,23.43,36,24.89,-1.4600000000000009,-1.4600000000000009,2021,2,5
402,2021-02-06,23.28,37,24.087500000000002,-0.807500000000001,-0.807500000000001,2021,2,6
403,2021-02-07,31.8,38,26.79,5.010000000000002,5.010000000000002,2021,2,7
404,2021-02-08,31.74,39,24.905,6.834999999999997,6.834999999999997,2021,2,8
405,2021-02-09,22.38,40,19.285,3.094999999999999,3.094999999999999,2021,2,9
406,2021-02-10,27.0,41,19.055,7.945,7.945,2021,2,10
407,2021-02-11,31.5,42,20.6225,10.877500000000001,10.877500000000001,2021,2,11
408,2021-02-12,33.96,43,23.5275,10.432500000000001,10.432500000000001,2021,2,12
409,2021-02-13,34.26,44,26.569999999999997,7.690000000000001,7.690000000000001,2021,2,13
410,2021-02-14,31.71,45,30.62,1.0899999999999999,1.0899999999999999,2021,2,14
411,2021-02-15,25.86,46,25.5225,0.3374999999999986,0.3374999999999986,2021,2,15
412,2021-02-16,26.85,47,19.7425,7.107500000000002,7.107500000000002,2021,2,16
413,2021-02-17,33.48,48,19.685,13.794999999999998,13.794999999999998,2021,2,17
414,2021-02-18,34.22,49,25.459999999999997,8.760000000000002,8.760000000000002,2021,2,18
415,2021-02-19,32.87,50,25.5875,7.282499999999999,7.282499999999999,2021,2,19
416,2021-02-20,37.42,51,28.61,8.810000000000002,8.810000000000002,2021,2,20
417,2021-02-21,34.31,52,24.6475,9.662500000000001,9.662500000000001,2021,2,21
418,2021-02-22,26.23,53,17.83,8.400000000000002,8.400000000000002,2021,2,22
419,2021-02-23,19.82,54,13.0125,6.807500000000001,6.807500000000001,2021,2,23
420,2021-02-24,14.96,55,20.002499999999998,-5.042499999999997,-5.042499999999997,2021,2,24
421,2021-02-25,20.04,56,19.9475,0.09249999999999758,0.09249999999999758,2021,2,25
422,2021-02-26,21.74,57,21.8275,-0.08750000000000213,-0.08750000000000213,2021,2,26
423,2021-02-27,17.71,58,21.7725,-4.0625,-4.0625,2021,2,27
424,2021-02-28,15.2,59,20.5675,-5.3675,-5.3675,2021,2,28
425,2021-03-01,21.02,60,22.195,-1.1750000000000007,-1.1750000000000007,2021,3,1
426,2021-03-02,28.7,61,19.37,9.329999999999998,9.329999999999998,2021,3,2
427,2021-03-03,20.08,62,17.33,2.75,2.75,2021,3,3
428,2021-03-04,22.86,63,19.6875,3.1724999999999994,3.1724999999999994,2021,3,4
429,2021-03-05,29.26,64,18.195,11.065000000000001,11.065000000000001,2021,3,5
430,2021-03-06,28.46,65,16.1325,12.3275,12.3275,2021,3,6
431,2021-03-07,29.78,66,18.5825,11.197500000000002,11.197500000000002,2021,3,7
432,2021-03-08,23.19,67,21.94,1.25,1.25,2021,3,8
433,2021-03-09,12.17,68,18.275,-6.104999999999999,-6.104999999999999,2021,3,9
434,2021-03-10,7.63,69,15.0,-7.37,-7.37,2021,3,10
435,2021-03-11,1.13,70,12.370000000000001,-11.240000000000002,-11.240000000000002,2021,3,11
436,2021-03-12,5.8,71,19.849999999999998,-14.049999999999997,-14.049999999999997,2021,3,12
437,2021-03-13,17.83,72,20.7075,-2.8775000000000013,-2.8775000000000013,2021,3,13
438,2021-03-14,15.98,73,16.7925,-0.8125,-0.8125,2021,3,14
439,2021-03-15,24.5,74,18.62,5.879999999999999,5.879999999999999,2021,3,15
440,2021-03-16,23.48,75,17.235,6.245000000000001,6.245000000000001,2021,3,16
441,2021-03-17,18.33,76,15.135,3.1949999999999985,3.1949999999999985,2021,3,17
442,2021-03-18,16.14,77,13.6225,2.5175,2.5175,2021,3,18
443,2021-03-19,25.62,78,18.03,7.59,7.59,2021,3,19
444,2021-03-20,22.54,79,16.4075,6.1325,6.1325,2021,3,20
445,2021-03-21,17.32,80,11.16,6.16,6.16,2021,3,21
446,2021-03-22,13.35,81,11.3325,2.0175,2.0175,2021,3,22
447,2021-03-23,9.46,82,9.3575,0.10250000000000092,0.10250000000000092,2021,3,23
448,2021-03-24,7.75,83,12.122499999999999,-4.372499999999999,-4.372499999999999,2021,3,24
449,2021-03-25,2.95,84,10.2225,-7.2725,-7.2725,2021,3,25
450,2021-03-26,1.44,85,12.535,-11.095,-11.095,2021,3,26
451,2021-03-27,3.86,86,13.592500000000001,-9.732500000000002,-9.732500000000002,2021,3,27
452,2021-03-28,6.91,87,14.0975,-7.1875,-7.1875,2021,3,28
453,2021-03-29,15.55,88,16.302500000000002,-0.7525000000000013,-0.7525000000000013,2021,3,29
454,2021-03-30,7.14,89,10.3775,-3.2375,-3.2375,2021,3,30
455,2021-03-31,10.35,90,6.672499999999999,3.6775,3.6775,2021,3,31
456,2021-04-01,25.31,91,16.475,8.834999999999997,8.834999999999997,2021,4,1
457,2021-04-02,28.37,92,19.8375,8.532500000000002,8.532500000000002,2021,4,2
458,2021-04-03,20.3,93,13.864999999999998,6.435000000000002,6.435000000000002,2021,4,3
459,2021-04-04,7.82,94,8.085,-0.26500000000000057,-0.26500000000000057,2021,4,4
460,2021-04-05,4.64,95,7.045,-2.4050000000000002,-2.4050000000000002,2021,4,5
461,2021-04-06,3.32,96,4.1925,-0.8725,-0.8725,2021,4,6
462,2021-04-07,0.16,97,8.9225,-8.7625,-8.7625,2021,4,7
463,2021-04-08,3.02,98,9.695,-6.675000000000001,-6.675000000000001,2021,4,8
464,2021-04-09,4.98,99,10.502500000000001,-5.522500000000001,-5.522500000000001,2021,4,9
465,2021-04-10,1.87,100,10.8525,-8.982499999999998,-8.982499999999998,2021,4,10
466,2021-04-11,0.79,101,8.540000000000001,-7.750000000000001,-7.750000000000001,2021,4,11
467,2021-04-12,7.7,102,5.3925,2.3075,2.3075,2021,4,12
468,2021-04-13,8.3,103,3.0725000000000002,5.227500000000001,5.227500000000001,2021,4,13
469,2021-04-14,6.07,104,2.8625000000000003,3.2075,3.2075,2021,4,14
470,2021-04-15,13.08,105,8.525,4.555,4.555,2021,4,15
471,2021-04-16,14.21,106,9.215,4.995000000000001,4.995000000000001,2021,4,16
472,2021-04-17,12.37,107,14.02,-1.6500000000000004,-1.6500000000000004,2021,4,17
473,2021-04-18,9.18,108,12.515,-3.335000000000001,-3.335000000000001,2021,4,18
474,2021-04-19,11.72,109,14.0075,-2.2874999999999996,-2.2874999999999996,2021,4,19
475,2021-04-20,2.31,110,6.24,-3.93,-3.93,2021,4,20
476,2021-04-21,13.97,111,8.3375,5.6325,5.6325,2021,4,21
477,2021-04-22,21.31,112,10.4125,10.897499999999999,10.897499999999999,2021,4,22
478,2021-04-23,14.85,113,9.2375,5.612499999999999,5.612499999999999,2021,4,23
479,2021-04-24,9.54,114,8.365,1.174999999999999,1.174999999999999,2021,4,24
480,2021-04-25,10.35,115,8.625,1.7249999999999996,1.7249999999999996,2021,4,25
481,2021-04-26,7.57,116,7.755,-0.1849999999999996,-0.1849999999999996,2021,4,26
482,2021-04-27,0.0,117,7.05,-7.05,-7.05,2021,4,27
483,2021-04-28,0.0,118,9.94,-9.94,-9.94,2021,4,28
484,2021-04-29,0.03,119,6.5675,-6.5375,-6.5375,2021,4,29
485,2021-04-30,5.18,120,5.4925,-0.3125,-0.3125,2021,4,30
486,2021-05-01,5.93,121,6.734999999999999,-0.8049999999999997,-0.8049999999999997,2021,5,1
487,2021-05-02,0.04,122,5.3125,-5.2725,-5.2725,2021,5,2
488,2021-05-03,0.01,123,4.3774999999999995,-4.3675,-4.3675,2021,5,3
489,2021-05-04,0.0,124,3.165,-3.165,-3.165,2021,5,4
490,2021-05-05,2.0,125,3.715,-1.7149999999999999,-1.7149999999999999,2021,5,5
491,2021-05-06,10.96,126,7.8725000000000005,3.0875000000000004,3.0875000000000004,2021,5,6
492,2021-05-07,13.0,127,10.227500000000001,2.772499999999999,2.772499999999999,2021,5,7
493,2021-05-08,11.43,128,9.54,1.8900000000000006,1.8900000000000006,2021,5,8
494,2021-05-09,3.95,129,8.2675,-4.3175,-4.3175,2021,5,9
495,2021-05-10,7.16,130,9.9625,-2.8025,-2.8025,2021,5,10
496,2021-05-11,6.67,131,4.74,1.9299999999999997,1.9299999999999997,2021,5,11
497,2021-05-12,12.83,132,7.1725,5.6575,5.6575,2021,5,12
498,2021-05-13,9.18,133,6.1049999999999995,3.075,3.075,2021,5,13
499,2021-05-14,7.89,134,4.3025,3.5874999999999995,3.5874999999999995,2021,5,14
500,2021-05-15,4.23,135,1.7575,2.4725,2.4725,2021,5,15
501,2021-05-16,5.7,136,1.485,4.215,4.215,2021,5,16
502,2021-05-17,4.25,137,1.835,2.415,2.415,2021,5,17
503,2021-05-18,1.28,138,1.995,-0.7150000000000001,-0.7150000000000001,2021,5,18
504,2021-05-19,0.04,139,1.405,-1.365,-1.365,2021,5,19
505,2021-05-20,0.01,140,1.92,-1.91,-1.91,2021,5,20
506,2021-05-21,0.6,141,2.8000000000000003,-2.2,-2.2,2021,5,21
507,2021-05-22,0.0,142,1.0275,-1.0275,-1.0275,2021,5,22
508,2021-05-23,0.0,143,1.025,-1.025,-1.025,2021,5,23
509,2021-05-24,1.52,144,2.09,-0.5699999999999998,-0.5699999999999998,2021,5,24
510,2021-05-25,0.0,145,2.73,-2.73,-2.73,2021,5,25
511,2021-05-26,0.0,146,1.23,-1.23,-1.23,2021,5,26
512,2021-05-27,0.0,147,0.46749999999999997,-0.46749999999999997,-0.46749999999999997,2021,5,27
513,2021-05-28,0.93,148,0.48250000000000004,0.4475,0.4475,2021,5,28
514,2021-05-29,9.24,149,2.3425000000000002,6.8975,6.8975,2021,5,29
515,2021-05-30,12.22,150,3.6350000000000002,8.585,8.585,2021,5,30
516,2021-05-31,2.38,151,0.7074999999999999,1.6724999999999999,1.6724999999999999,2021,5,31
517,2021-06-01,0.01,152,0.7125,-0.7025,-0.7025,2021,6,1
518,2021-06-02,0.0,153,0.6575,-0.6575,-0.6575,2021,6,2
519,2021-06-03,0.0,154,0.0375,-0.0375,-0.0375,2021,6,3
520,2021-06-04,0.01,155,0.9674999999999999,-0.9574999999999999,-0.9574999999999999,2021,6,4
521,2021-06-05,0.0,156,0.0875,-0.0875,-0.0875,2021,6,5
522,2021-06-06,0.0,157,0.015,-0.015,-0.015,2021,6,6
523,2021-06-07,0.0,158,0.1525,-0.1525,-0.1525,2021,6,7
524,2021-06-08,0.0,159,0.4675,-0.4675,-0.4675,2021,6,8
525,2021-06-09,0.0,160,0.4375,-0.4375,-0.4375,2021,6,9
526,2021-06-10,0.0,161,0.01,-0.01,-0.01,2021,6,10
527,2021-06-11,0.16,162,0.0475,0.1125,0.1125,2021,6,11
528,2021-06-12,0.0,163,0.075,-0.075,-0.075,2021,6,12
529,2021-06-13,0.0,164,0.0225,-0.0225,-0.0225,2021,6,13
530,2021-06-14,0.0,165,0.04,-0.04,-0.04,2021,6,14
531,2021-06-15,0.04,166,0.09999999999999999,-0.05999999999999999,-0.05999999999999999,2021,6,15
532,2021-06-16,0.23,167,0.375,-0.145,-0.145,2021,6,16
533,2021-06-17,0.11,168,0.27749999999999997,-0.16749999999999998,-0.16749999999999998,2021,6,17
534,2021-06-18,0.0,169,0.16749999999999998,-0.16749999999999998,-0.16749999999999998,2021,6,18
535,2021-06-19,0.0,170,0.1025,-0.1025,-0.1025,2021,6,19
536,2021-06-20,0.0,171,0.01,-0.01,-0.01,2021,6,20
537,2021-06-21,0.0,172,0.57,-0.57,-0.57,2021,6,21
538,2021-06-22,2.46,173,0.9550000000000001,1.505,1.505,2021,6,22
539,2021-06-23,0.97,174,0.2425,0.7275,0.7275,2021,6,23
540,2021-06-24,0.13,175,0.0325,0.0975,0.0975,2021,6,24
541,2021-06-25,0.0,176,0.0,0.0,0.0,2021,6,25
542,2021-06-26,0.0,177,0.0,0.0,0.0,2021,6,26
543,2021-06-27,0.0,178,0.0025,-0.0025,-0.0025,2021,6,27
544,2021-06-28,0.0,179,0.0,0.0,0.0,2021,6,28
545,2021-06-29,0.0,180,0.0,0.0,0.0,2021,6,29
546,2021-06-30,0.0,181,0.0,0.0,0.0,2021,6,30
547,2021-07-01,0.0,182,0.0,0.0,0.0,2021,7,1
548,2021-07-02,0.02,183,0.005,0.015,0.015,2021,7,2
549,2021-07-03,0.03,184,0.0075,0.0225,0.0225,2021,7,3
550,2021-07-04,0.0,185,0.0,0.0,0.0,2021,7,4
551,2021-07-05,0.0,186,0.0,0.0,0.0,2021,7,5
552,2021-07-06,0.0,187,0.0,0.0,0.0,2021,7,6
553,2021-07-07,0.0,188,0.0,0.0,0.0,2021,7,7
554,2021-07-08,0.0,189,0.0,0.0,0.0,2021,7,8
555,2021-07-09,0.0,190,0.0,0.0,0.0,2021,7,9
556,2021-07-10,0.0,191,0.025,-0.025,-0.025,2021,7,10
557,2021-07-11,0.0,192,0.0,0.0,0.0,2021,7,11
558,2021-07-12,0.0,193,0.0,0.0,0.0,2021,7,12
559,2021-07-13,0.0,194,0.0,0.0,0.0,2021,7,13
560,2021-07-14,0.0,195,0.0,0.0,0.0,2021,7,14
561,2021-07-15,0.0,196,0.0,0.0,0.0,2021,7,15
562,2021-07-16,0.0,197,0.0,0.0,0.0,2021,7,16
563,2021-07-17,0.0,198,0.0,0.0,0.0,2021,7,17
564,2021-07-18,0.0,199,0.0,0.0,0.0,2021,7,18
565,2021-07-19,0.0,200,0.0,0.0,0.0,2021,7,19
566,2021-07-20,0.0,201,0.0,0.0,0.0,2021,7,20
567,2021-07-21,0.0,202,0.0,0.0,0.0,2021,7,21
568,2021-07-22,0.0,203,0.0,0.0,0.0,2021,7,22
569,2021-07-23,0.0,204,0.0,0.0,0.0,2021,7,23
570,2021-07-24,0.0,205,0.0,0.0,0.0,2021,7,24
571,2021-07-25,0.0,206,0.0,0.0,0.0,2021,7,25
572,2021-07-26,0.0,207,0.0,0.0,0.0,2021,7,26
573,2021-07-27,0.0,208,0.0,0.0,0.0,2021,7,27
574,2021-07-28,0.0,209,0.0,0.0,0.0,2021,7,28
575,2021-07-29,0.0,210,0.0,0.0,0.0,2021,7,29
576,2021-07-30,0.0,211,0.0,0.0,0.0,2021,7,30
577,2021-07-31,0.0,212,0.0,0.0,0.0,2021,7,31
578,2021-08-01,0.0,213,0.0,0.0,0.0,2021,8,1
579,2021-08-02,0.0,214,0.0,0.0,0.0,2021,8,2
580,2021-08-03,0.0,215,0.0,0.0,0.0,2021,8,3
581,2021-08-04,0.0,216,0.0,0.0,0.0,2021,8,4
582,2021-08-05,0.0,217,0.0,0.0,0.0,2021,8,5
583,2021-08-06,0.0,218,0.0,0.0,0.0,2021,8,6
584,2021-08-07,0.0,219,0.0,0.0,0.0,2021,8,7
585,2021-08-08,0.0,220,0.0,0.0,0.0,2021,8,8
586,2021-08-09,0.0,221,0.0,0.0,0.0,2021,8,9
587,2021-08-10,0.0,222,0.0,0.0,0.0,2021,8,10
588,2021-08-11,0.0,223,0.0,0.0,0.0,2021,8,11
589,2021-08-12,0.0,224,0.0025,-0.0025,-0.0025,2021,8,12
590,2021-08-13,0.0,225,0.0,0.0,0.0,2021,8,13
591,2021-08-14,0.0,226,0.0,0.0,0.0,2021,8,14
592,2021-08-15,0.0,227,0.03,-0.03,-0.03,2021,8,15
593,2021-08-16,0.0,228,0.027500000000000004,-0.027500000000000004,-0.027500000000000004,2021,8,16
594,2021-08-17,0.0,229,0.0,0.0,0.0,2021,8,17
595,2021-08-18,0.0,230,0.0025,-0.0025,-0.0025,2021,8,18
596,2021-08-19,0.0,231,0.0,0.0,0.0,2021,8,19
597,2021-08-20,0.0,232,0.0,0.0,0.0,2021,8,20
598,2021-08-21,0.0,233,0.0,0.0,0.0,2021,8,21
599,2021-08-22,0.0,234,0.0,0.0,0.0,2021,8,22
600,2021-08-23,0.0,235,0.0,0.0,0.0,2021,8,23
601,2021-08-24,0.0,236,0.0,0.0,0.0,2021,8,24
602,2021-08-25,0.0,237,0.0,0.0,0.0,2021,8,25
603,2021-08-26,0.0,238,0.0,0.0,0.0,2021,8,26
604,2021-08-27,0.0,239,0.0,0.0,0.0,2021,8,27
605,2021-08-28,0.0,240,0.0,0.0,0.0,2021,8,28
606,2021-08-29,0.0,241,0.0,0.0,0.0,2021,8,29
607,2021-08-30,0.0,242,0.0,0.0,0.0,2021,8,30
608,2021-08-31,0.0,243,0.005,-0.005,-0.005,2021,8,31
609,2021-09-01,0.04,244,0.0125,0.0275,0.0275,2021,9,1
610,2021-09-02,0.15,245,0.0375,0.11249999999999999,0.11249999999999999,2021,9,2
611,2021-09-03,0.06,246,0.015,0.045,0.045,2021,9,3
612,2021-09-04,0.0,247,0.0,0.0,0.0,2021,9,4
613,2021-09-05,0.0,248,0.0,0.0,0.0,2021,9,5
614,2021-09-06,0.02,249,0.015,0.005000000000000001,0.005000000000000001,2021,9,6
615,2021-09-07,0.0,250,0.0025,-0.0025,-0.0025,2021,9,7
616,2021-09-08,0.0,251,0.0,0.0,0.0,2021,9,8
617,2021-09-09,0.09,252,0.0225,0.0675,0.0675,2021,9,9
618,2021-09-10,0.35,253,0.09749999999999999,0.2525,0.2525,2021,9,10
619,2021-09-11,0.05,254,0.0125,0.037500000000000006,0.037500000000000006,2021,9,11
620,2021-09-12,0.0,255,0.0025,-0.0025,-0.0025,2021,9,12
621,2021-09-13,0.0,256,0.060000000000000005,-0.060000000000000005,-0.060000000000000005,2021,9,13
622,2021-09-14,0.0,257,0.07,-0.07,-0.07,2021,9,14
623,2021-09-15,0.0,258,0.335,-0.335,-0.335,2021,9,15
624,2021-09-16,0.0,259,1.2774999999999999,-1.2774999999999999,-1.2774999999999999,2021,9,16
625,2021-09-17,0.0,260,0.69,-0.69,-0.69,2021,9,17
626,2021-09-18,0.0,261,0.21500000000000002,-0.21500000000000002,-0.21500000000000002,2021,9,18
627,2021-09-19,0.0,262,0.995,-0.995,-0.995,2021,9,19
628,2021-09-20,0.0,263,2.525,-2.525,-2.525,2021,9,20
629,2021-09-21,0.02,264,2.05,-2.03,-2.03,2021,9,21
630,2021-09-22,0.07,265,2.8825000000000003,-2.8125000000000004,-2.8125000000000004,2021,9,22
631,2021-09-23,2.6,266,4.6975,-2.0974999999999997,-2.0974999999999997,2021,9,23
632,2021-09-24,3.07,267,1.75,1.3199999999999998,1.3199999999999998,2021,9,24
633,2021-09-25,1.37,268,0.855,0.5150000000000001,0.5150000000000001,2021,9,25
634,2021-09-26,2.03,269,2.165,-0.13500000000000023,-0.13500000000000023,2021,9,26
635,2021-09-27,0.09,270,2.4525,-2.3625000000000003,-2.3625000000000003,2021,9,27
636,2021-09-28,0.02,271,1.9024999999999999,-1.8824999999999998,-1.8824999999999998,2021,9,28
637,2021-09-29,2.96,272,1.8549999999999998,1.1050000000000002,1.1050000000000002,2021,9,29
638,2021-09-30,2.54,273,2.705,-0.16500000000000004,-0.16500000000000004,2021,9,30
639,2021-10-01,3.6,274,2.9775,0.6225,0.6225,2021,10,1
640,2021-10-02,0.11,275,2.885,-2.775,-2.775,2021,10,2
641,2021-10-03,0.01,276,5.5375,-5.5275,-5.5275,2021,10,3
642,2021-10-04,0.0,277,5.6625000000000005,-5.6625000000000005,-5.6625000000000005,2021,10,4
643,2021-10-05,0.0,278,3.7075,-3.7075,-3.7075,2021,10,5
644,2021-10-06,0.0,279,2.7025,-2.7025,-2.7025,2021,10,6
645,2021-10-07,0.09,280,3.8200000000000003,-3.7300000000000004,-3.7300000000000004,2021,10,7
646,2021-10-08,0.09,281,7.2375,-7.1475,-7.1475,2021,10,8
647,2021-10-09,0.22,282,7.095,-6.875,-6.875,2021,10,9
648,2021-10-10,0.09,283,5.2075,-5.1175,-5.1175,2021,10,10
649,2021-10-11,0.17,284,3.2875,-3.1175,-3.1175,2021,10,11
650,2021-10-12,0.24,285,1.9,-1.66,-1.66,2021,10,12
651,2021-10-13,0.04,286,2.435,-2.395,-2.395,2021,10,13
652,2021-10-14,0.01,287,6.04,-6.03,-6.03,2021,10,14
653,2021-10-15,0.0,288,4.96,-4.96,-4.96,2021,10,15
654,2021-10-16,1.92,289,3.925,-2.005,-2.005,2021,10,16
655,2021-10-17,10.66,290,10.6875,-0.027499999999999858,-0.027499999999999858,2021,10,17
656,2021-10-18,9.37,291,13.7575,-4.387500000000001,-4.387500000000001,2021,10,18
657,2021-10-19,5.34,292,10.43,-5.09,-5.09,2021,10,19
658,2021-10-20,3.75,293,7.387499999999999,-3.6374999999999993,-3.6374999999999993,2021,10,20
659,2021-10-21,1.54,294,5.68,-4.14,-4.14,2021,10,21
660,2021-10-22,5.1,295,6.4075,-1.3075,-1.3075,2021,10,22
661,2021-10-23,5.66,296,7.1425,-1.4825,-1.4825,2021,10,23
662,2021-10-24,2.18,297,4.02,-1.8399999999999994,-1.8399999999999994,2021,10,24
663,2021-10-25,0.23,298,2.5725,-2.3425,-2.3425,2021,10,25
664,2021-10-26,6.75,299,6.56,0.1900000000000004,0.1900000000000004,2021,10,26
665,2021-10-27,6.38,300,6.33,0.04999999999999982,0.04999999999999982,2021,10,27
666,2021-10-28,6.55,301,5.89,0.6600000000000001,0.6600000000000001,2021,10,28
667,2021-10-29,5.53,302,5.235,0.29499999999999993,0.29499999999999993,2021,10,29
668,2021-10-30,9.04,303,7.2075,1.8324999999999996,1.8324999999999996,2021,10,30
669,2021-10-31,7.65,304,12.4725,-4.8225,-4.8225,2021,10,31
670,2021-11-01,11.03,305,14.4875,-3.4575000000000014,-3.4575000000000014,2021,11,1
671,2021-11-02,20.02,306,16.5375,3.482499999999998,3.482499999999998,2021,11,2
672,2021-11-03,20.27,307,16.5075,3.7624999999999993,3.7624999999999993,2021,11,3
673,2021-11-04,22.7,308,12.91,9.79,9.79,2021,11,4
674,2021-11-05,21.64,309,10.344999999999999,11.295000000000002,11.295000000000002,2021,11,5
675,2021-11-06,19.12,310,9.0425,10.0775,10.0775,2021,11,6
676,2021-11-07,17.21,311,6.905,10.305,10.305,2021,11,7
677,2021-11-08,11.69,312,9.754999999999999,1.9350000000000005,1.9350000000000005,2021,11,8
678,2021-11-09,6.81,313,6.3025,0.5074999999999994,0.5074999999999994,2021,11,9
679,2021-11-10,7.61,314,8.905000000000001,-1.2950000000000008,-1.2950000000000008,2021,11,10
680,2021-11-11,7.39,315,6.25,1.1399999999999997,1.1399999999999997,2021,11,11
681,2021-11-12,11.22,316,9.68,1.540000000000001,1.540000000000001,2021,11,12
682,2021-11-13,20.78,317,17.8925,2.887500000000003,2.887500000000003,2021,11,13
683,2021-11-14,22.96,318,19.97,2.990000000000002,2.990000000000002,2021,11,14
684,2021-11-15,23.03,319,19.447499999999998,3.582500000000003,3.582500000000003,2021,11,15
685,2021-11-16,19.08,320,14.635,4.4449999999999985,4.4449999999999985,2021,11,16
686,2021-11-17,11.1,321,15.7325,-4.6325,-4.6325,2021,11,17
687,2021-11-18,8.24,322,18.305,-10.065,-10.065,2021,11,18
688,2021-11-19,26.99,323,24.987499999999997,2.0025000000000013,2.0025000000000013,2021,11,19
689,2021-11-20,25.69,324,25.6525,0.03750000000000142,0.03750000000000142,2021,11,20
690,2021-11-21,19.96,325,18.27,1.6900000000000013,1.6900000000000013,2021,11,21
691,2021-11-22,23.21,326,17.21,6.0,6.0,2021,11,22
692,2021-11-23,30.29,327,19.25,11.04,11.04,2021,11,23
693,2021-11-24,27.18,328,21.755000000000003,5.424999999999997,5.424999999999997,2021,11,24
694,2021-11-25,18.14,329,20.814999999999998,-2.674999999999997,-2.674999999999997,2021,11,25
695,2021-11-26,25.75,330,20.2225,5.5275,5.5275,2021,11,26
696,2021-11-27,27.61,331,17.1925,10.4175,10.4175,2021,11,27
697,2021-11-28,19.05,332,20.835,-1.7850000000000001,-1.7850000000000001,2021,11,28
698,2021-11-29,27.74,333,24.4625,3.2775,3.2775,2021,11,29
699,2021-11-30,22.92,334,20.1575,2.762500000000003,2.762500000000003,2021,11,30
700,2021-12-01,20.36,335,20.490000000000002,-0.13000000000000256,-0.13000000000000256,2021,12,1
701,2021-12-02,10.19,336,17.497500000000002,-7.307500000000003,-7.307500000000003,2021,12,2
702,2021-12-03,17.36,337,18.2275,-0.8674999999999997,-0.8674999999999997,2021,12,3
703,2021-12-04,18.23,338,22.265,-4.035,-4.035,2021,12,4
704,2021-12-05,19.49,339,20.695,-1.2050000000000018,-1.2050000000000018,2021,12,5
705,2021-12-06,13.09,340,19.8175,-6.727499999999999,-6.727499999999999,2021,12,6
706,2021-12-07,26.81,341,22.314999999999998,4.495000000000001,4.495000000000001,2021,12,7
707,2021-12-08,29.82,342,23.81,6.010000000000002,6.010000000000002,2021,12,8
708,2021-12-09,29.98,343,24.835,5.145,5.145,2021,12,9
709,2021-12-10,17.38,344,21.377499999999998,-3.9974999999999987,-3.9974999999999987,2021,12,10
710,2021-12-11,10.13,345,21.025,-10.894999999999998,-10.894999999999998,2021,12,11
711,2021-12-12,26.51,346,23.817500000000003,2.692499999999999,2.692499999999999,2021,12,12
712,2021-12-13,23.81,347,22.572499999999998,1.2375000000000007,1.2375000000000007,2021,12,13
713,2021-12-14,20.93,348,22.4225,-1.4924999999999997,-1.4924999999999997,2021,12,14
714,2021-12-15,17.74,349,22.3,-4.560000000000002,-4.560000000000002,2021,12,15
715,2021-12-16,9.89,350,20.81,-10.919999999999998,-10.919999999999998,2021,12,16
716,2021-12-17,7.38,351,19.384999999999998,-12.004999999999999,-12.004999999999999,2021,12,17
717,2021-12-18,10.92,352,23.16,-12.24,-12.24,2021,12,18
718,2021-12-19,28.07,353,30.905,-2.835000000000001,-2.835000000000001,2021,12,19
719,2021-12-20,31.44,354,31.3675,0.07250000000000156,0.07250000000000156,2021,12,20
720,2021-12-21,28.56,355,27.6425,0.9175000000000004,0.9175000000000004,2021,12,21
721,2021-12-22,26.59,356,23.55,3.039999999999999,3.039999999999999,2021,12,22
722,2021-12-23,30.09,357,29.354999999999997,0.735000000000003,0.735000000000003,2021,12,23
723,2021-12-24,16.61,358,27.7925,-11.182500000000001,-11.182500000000001,2021,12,24
724,2021-12-25,7.11,359,20.450000000000003,-13.340000000000003,-13.340000000000003,2021,12,25
725,2021-12-26,13.79,360,26.4075,-12.6175,-12.6175,2021,12,26
726,2021-12-27,21.65,361,25.7,-4.050000000000001,-4.050000000000001,2021,12,27
727,2021-12-28,13.13,362,22.2575,-9.1275,-9.1275,2021,12,28
728,2021-12-29,9.34,363,18.18,-8.84,-8.84,2021,12,29
729,2021-12-30,13.34,364,20.9625,-7.622499999999999,-7.622499999999999,2021,12,30
730,2021-12-31,9.43,365,18.13,-8.7,-8.7,2021,12,31
731,2022-01-01,4.0,1,16.775,-12.774999999999999,-12.774999999999999,2022,1,1
732,2022-01-02,15.19,2,16.27,-1.08,-1.08,2022,1,2
733,2022-01-03,36.48,3,20.36,16.119999999999997,16.119999999999997,2022,1,3
734,2022-01-04,35.7,4,21.262500000000003,14.4375,14.4375,2022,1,4
735,2022-01-05,26.89,5,22.96,3.9299999999999997,3.9299999999999997,2022,1,5
736,2022-01-06,26.78,6,25.192500000000003,1.5874999999999986,1.5874999999999986,2022,1,6
737,2022-01-07,38.54,7,30.365000000000002,8.174999999999997,8.174999999999997,2022,1,7
738,2022-01-08,37.65,8,31.3675,6.282499999999999,6.282499999999999,2022,1,8
739,2022-01-09,23.02,9,27.0375,-4.017500000000002,-4.017500000000002,2022,1,9
740,2022-01-10,33.18,10,26.3,6.879999999999999,6.879999999999999,2022,1,10
741,2022-01-11,39.2,11,24.8125,14.387500000000003,14.387500000000003,2022,1,11
742,2022-01-12,28.09,12,20.002499999999998,8.087500000000002,8.087500000000002,2022,1,12
743,2022-01-13,25.74,13,22.13,3.6099999999999994,3.6099999999999994,2022,1,13
744,2022-01-14,28.12,14,25.32,2.8000000000000007,2.8000000000000007,2022,1,14
745,2022-01-15,40.27,15,27.155,13.115000000000002,13.115000000000002,2022,1,15
746,2022-01-16,33.35,16,26.235000000000003,7.114999999999998,7.114999999999998,2022,1,16
747,2022-01-17,29.75,17,27.2775,2.4725,2.4725,2022,1,17
748,2022-01-18,31.79,18,25.37,6.419999999999998,6.419999999999998,2022,1,18
749,2022-01-19,22.36,19,23.14,-0.7800000000000011,-0.7800000000000011,2022,1,19
750,2022-01-20,32.74,20,30.3275,2.4125000000000014,2.4125000000000014,2022,1,20
751,2022-01-21,44.13,21,32.935,11.195,11.195,2022,1,21
752,2022-01-22,41.38,22,31.805,9.575000000000003,9.575000000000003,2022,1,22
753,2022-01-23,34.17,23,31.4375,2.7325000000000017,2.7325000000000017,2022,1,23
754,2022-01-24,30.49,24,27.1525,3.3374999999999986,3.3374999999999986,2022,1,24
755,2022-01-25,27.92,25,25.28,2.6400000000000006,2.6400000000000006,2022,1,25
756,2022-01-26,39.86,26,29.462500000000002,10.397499999999997,10.397499999999997,2022,1,26
757,2022-01-27,38.35,27,29.3325,9.017500000000002,9.017500000000002,2022,1,27
758,2022-01-28,32.34,28,28.4475,3.892500000000002,3.892500000000002,2022,1,28
759,2022-01-29,43.87,29,33.075,10.794999999999995,10.794999999999995,2022,1,29
760,2022-01-30,41.17,30,30.400000000000002,10.77,10.77,2022,1,30
761,2022-01-31,33.9,31,29.529999999999998,4.370000000000001,4.370000000000001,2022,1,31
762,2022-02-01,31.65,32,30.104999999999997,1.5450000000000017,1.5450000000000017,2022,2,1
763,2022-02-02,26.66,33,26.195,0.46499999999999986,0.46499999999999986,2022,2,2
764,2022-02-03,13.02,34,22.6125,-9.592500000000001,-9.592500000000001,2022,2,3
765,2022-02-04,18.97,35,22.7125,-3.7424999999999997,-3.7424999999999997,2022,2,4
766,2022-02-05,36.81,36,24.89,11.920000000000002,11.920000000000002,2022,2,5
767,2022-02-06,34.46,37,24.087500000000002,10.372499999999999,10.372499999999999,2022,2,6
768,2022-02-07,29.97,38,26.79,3.1799999999999997,3.1799999999999997,2022,2,7
769,2022-02-08,28.18,39,24.905,3.2749999999999986,3.2749999999999986,2022,2,8
770,2022-02-09,23.38,40,19.285,4.094999999999999,4.094999999999999,2022,2,9
771,2022-02-10,19.02,41,19.055,-0.03500000000000014,-0.03500000000000014,2022,2,10
772,2022-02-11,15.5,42,20.6225,-5.122499999999999,-5.122499999999999,2022,2,11
773,2022-02-12,15.34,43,23.5275,-8.1875,-8.1875,2022,2,12
774,2022-02-13,33.91,44,26.569999999999997,7.34,7.34,2022,2,13
775,2022-02-14,38.89,45,30.62,8.27,8.27,2022,2,14
776,2022-02-15,34.59,46,25.5225,9.067500000000003,9.067500000000003,2022,2,15
777,2022-02-16,21.96,47,19.7425,2.217500000000001,2.217500000000001,2022,2,16
778,2022-02-17,4.74,48,19.685,-14.944999999999999,-14.944999999999999,2022,2,17
779,2022-02-18,24.34,49,25.459999999999997,-1.1199999999999974,-1.1199999999999974,2022,2,18
780,2022-02-19,29.23,50,25.5875,3.642500000000002,3.642500000000002,2022,2,19
781,2022-02-20,31.22,51,28.61,2.6099999999999994,2.6099999999999994,2022,2,20
782,2022-02-21,15.85,52,24.6475,-8.797500000000001,-8.797500000000001,2022,2,21
783,2022-02-22,5.72,53,17.83,-12.11,-12.11,2022,2,22
784,2022-02-23,9.02,54,13.0125,-3.9924999999999997,-3.9924999999999997,2022,2,23
785,2022-02-24,27.74,55,20.002499999999998,7.737500000000001,7.737500000000001,2022,2,24
786,2022-02-25,18.6,56,19.9475,-1.3475000000000001,-1.3475000000000001,2022,2,25
787,2022-02-26,27.16,57,21.8275,5.3325,5.3325,2022,2,26
788,2022-02-27,22.92,58,21.7725,1.1475000000000009,1.1475000000000009,2022,2,27
789,2022-02-28,25.09,59,20.5675,4.522500000000001,4.522500000000001,2022,2,28
790,2022-03-01,18.86,60,22.195,-3.335000000000001,-3.335000000000001,2022,3,1
791,2022-03-02,13.04,61,19.37,-6.330000000000002,-6.330000000000002,2022,3,2
792,2022-03-03,19.77,62,17.33,2.4400000000000013,2.4400000000000013,2022,3,3
793,2022-03-04,25.64,63,19.6875,5.952500000000001,5.952500000000001,2022,3,4
794,2022-03-05,14.14,64,18.195,-4.055,-4.055,2022,3,5
795,2022-03-06,0.19,65,16.1325,-15.9425,-15.9425,2022,3,6
796,2022-03-07,3.9,66,18.5825,-14.6825,-14.6825,2022,3,7
797,2022-03-08,17.26,67,21.94,-4.68,-4.68,2022,3,8
798,2022-03-09,23.86,68,18.275,5.585000000000001,5.585000000000001,2022,3,9
799,2022-03-10,23.42,69,15.0,8.420000000000002,8.420000000000002,2022,3,10
800,2022-03-11,16.34,70,12.370000000000001,3.969999999999999,3.969999999999999,2022,3,11
801,2022-03-12,33.08,71,19.849999999999998,13.23,13.23,2022,3,12
802,2022-03-13,31.73,72,20.7075,11.0225,11.0225,2022,3,13
803,2022-03-14,17.98,73,16.7925,1.1875,1.1875,2022,3,14
804,2022-03-15,9.71,74,18.62,-8.91,-8.91,2022,3,15
805,2022-03-16,7.76,75,17.235,-9.475,-9.475,2022,3,16
806,2022-03-17,10.51,76,15.135,-4.625,-4.625,2022,3,17
807,2022-03-18,4.0,77,13.6225,-9.6225,-9.6225,2022,3,18
808,2022-03-19,1.74,78,18.03,-16.290000000000003,-16.290000000000003,2022,3,19
809,2022-03-20,14.71,79,16.4075,-1.697499999999998,-1.697499999999998,2022,3,20
810,2022-03-21,9.45,80,11.16,-1.7100000000000009,-1.7100000000000009,2022,3,21
811,2022-03-22,6.58,81,11.3325,-4.7524999999999995,-4.7524999999999995,2022,3,22
812,2022-03-23,9.2,82,9.3575,-0.15750000000000064,-0.15750000000000064,2022,3,23
813,2022-03-24,10.37,83,12.122499999999999,-1.7524999999999995,-1.7524999999999995,2022,3,24
814,2022-03-25,11.92,84,10.2225,1.6974999999999998,1.6974999999999998,2022,3,25
815,2022-03-26,21.33,85,12.535,8.794999999999998,8.794999999999998,2022,3,26
816,2022-03-27,27.37,86,13.592500000000001,13.7775,13.7775,2022,3,27
817,2022-03-28,29.68,87,14.0975,15.5825,15.5825,2022,3,28
818,2022-03-29,27.15,88,16.302500000000002,10.847499999999997,10.847499999999997,2022,3,29
819,2022-03-30,12.93,89,10.3775,2.5525,2.5525,2022,3,30
820,2022-03-31,3.0,90,6.672499999999999,-3.6724999999999994,-3.6724999999999994,2022,3,31
821,2022-04-01,17.67,91,16.475,1.1950000000000003,1.1950000000000003,2022,4,1
822,2022-04-02,15.66,92,19.8375,-4.177499999999998,-4.177499999999998,2022,4,2
823,2022-04-03,16.33,93,13.864999999999998,2.465,2.465,2022,4,3
824,2022-04-04,15.35,94,8.085,7.264999999999999,7.264999999999999,2022,4,4
825,2022-04-05,8.86,95,7.045,1.8149999999999995,1.8149999999999995,2022,4,5
826,2022-04-06,6.73,96,4.1925,2.5375000000000005,2.5375000000000005,2022,4,6
827,2022-04-07,13.32,97,8.9225,4.397500000000001,4.397500000000001,2022,4,7
828,2022-04-08,12.51,98,9.695,2.8149999999999995,2.8149999999999995,2022,4,8
829,2022-04-09,18.36,99,10.502500000000001,7.857499999999998,7.857499999999998,2022,4,9
830,2022-04-10,18.88,100,10.8525,8.0275,8.0275,2022,4,10
831,2022-04-11,8.17,101,8.540000000000001,-0.370000000000001,-0.370000000000001,2022,4,11
832,2022-04-12,0.18,102,5.3925,-5.2125,-5.2125,2022,4,12
833,2022-04-13,0.02,103,3.0725000000000002,-3.0525,-3.0525,2022,4,13
834,2022-04-14,2.45,104,2.8625000000000003,-0.4125000000000001,-0.4125000000000001,2022,4,14
835,2022-04-15,4.01,105,8.525,-4.515000000000001,-4.515000000000001,2022,4,15
836,2022-04-16,1.68,106,9.215,-7.535,-7.535,2022,4,16
837,2022-04-17,14.26,107,14.02,0.2400000000000002,0.2400000000000002,2022,4,17
838,2022-04-18,22.21,108,12.515,9.695,9.695,2022,4,18
839,2022-04-19,21.46,109,14.0075,7.452500000000001,7.452500000000001,2022,4,19
840,2022-04-20,13.01,110,6.24,6.77,6.77,2022,4,20
841,2022-04-21,6.6,111,8.3375,-1.7375000000000007,-1.7375000000000007,2022,4,21
842,2022-04-22,2.85,112,10.4125,-7.5625,-7.5625,2022,4,22
843,2022-04-23,0.2,113,9.2375,-9.037500000000001,-9.037500000000001,2022,4,23
844,2022-04-24,0.0,114,8.365,-8.365,-8.365,2022,4,24
845,2022-04-25,1.16,115,8.625,-7.465,-7.465,2022,4,25
846,2022-04-26,5.0,116,7.755,-2.755,-2.755,2022,4,26
847,2022-04-27,13.69,117,7.05,6.64,6.64,2022,4,27
848,2022-04-28,15.83,118,9.94,5.890000000000001,5.890000000000001,2022,4,28
849,2022-04-29,11.24,119,6.5675,4.6725,4.6725,2022,4,29
850,2022-04-30,7.43,120,5.4925,1.9375,1.9375,2022,4,30
851,2022-05-01,4.09,121,6.734999999999999,-2.6449999999999996,-2.6449999999999996,2022,5,1
852,2022-05-02,0.06,122,5.3125,-5.2525,-5.2525,2022,5,2
853,2022-05-03,1.27,123,4.3774999999999995,-3.1074999999999995,-3.1074999999999995,2022,5,3
854,2022-05-04,0.03,124,3.165,-3.1350000000000002,-3.1350000000000002,2022,5,4
855,2022-05-05,2.74,125,3.715,-0.9749999999999996,-0.9749999999999996,2022,5,5
856,2022-05-06,5.21,126,7.8725000000000005,-2.6625000000000005,-2.6625000000000005,2022,5,6
857,2022-05-07,13.15,127,10.227500000000001,2.9224999999999994,2.9224999999999994,2022,5,7
858,2022-05-08,17.24,128,9.54,7.699999999999999,7.699999999999999,2022,5,8
859,2022-05-09,8.38,129,8.2675,0.11250000000000071,0.11250000000000071,2022,5,9
860,2022-05-10,5.89,130,9.9625,-4.072500000000001,-4.072500000000001,2022,5,10
861,2022-05-11,2.66,131,4.74,-2.08,-2.08,2022,5,11
862,2022-05-12,1.93,132,7.1725,-5.242500000000001,-5.242500000000001,2022,5,12
863,2022-05-13,0.02,133,6.1049999999999995,-6.085,-6.085,2022,5,13
864,2022-05-14,0.02,134,4.3025,-4.282500000000001,-4.282500000000001,2022,5,14
865,2022-05-15,0.01,135,1.7575,-1.7475,-1.7475,2022,5,15
866,2022-05-16,0.17,136,1.485,-1.3150000000000002,-1.3150000000000002,2022,5,16
867,2022-05-17,0.11,137,1.835,-1.7249999999999999,-1.7249999999999999,2022,5,17
868,2022-05-18,0.13,138,1.995,-1.8650000000000002,-1.8650000000000002,2022,5,18
869,2022-05-19,0.0,139,1.405,-1.405,-1.405,2022,5,19
870,2022-05-20,0.0,140,1.92,-1.92,-1.92,2022,5,20
871,2022-05-21,0.0,141,2.8000000000000003,-2.8000000000000003,-2.8000000000000003,2022,5,21
872,2022-05-22,0.0,142,1.0275,-1.0275,-1.0275,2022,5,22
873,2022-05-23,1.26,143,1.025,0.2350000000000001,0.2350000000000001,2022,5,23
874,2022-05-24,5.8,144,2.09,3.71,3.71,2022,5,24
875,2022-05-25,2.14,145,2.73,-0.5899999999999999,-0.5899999999999999,2022,5,25
876,2022-05-26,0.2,146,1.23,-1.03,-1.03,2022,5,26
877,2022-05-27,0.04,147,0.46749999999999997,-0.4275,-0.4275,2022,5,27
878,2022-05-28,0.16,148,0.48250000000000004,-0.3225,-0.3225,2022,5,28
879,2022-05-29,0.0,149,2.3425000000000002,-2.3425000000000002,-2.3425000000000002,2022,5,29
880,2022-05-30,0.0,150,3.6350000000000002,-3.6350000000000002,-3.6350000000000002,2022,5,30
881,2022-05-31,0.0,151,0.7074999999999999,-0.7074999999999999,-0.7074999999999999,2022,5,31
882,2022-06-01,0.0,152,0.7125,-0.7125,-0.7125,2022,6,1
883,2022-06-02,0.0,153,0.6575,-0.6575,-0.6575,2022,6,2
884,2022-06-03,0.15,154,0.0375,0.11249999999999999,0.11249999999999999,2022,6,3
885,2022-06-04,0.04,155,0.9674999999999999,-0.9274999999999999,-0.9274999999999999,2022,6,4
886,2022-06-05,0.03,156,0.0875,-0.057499999999999996,-0.057499999999999996,2022,6,5
887,2022-06-06,0.0,157,0.015,-0.015,-0.015,2022,6,6
888,2022-06-07,0.0,158,0.1525,-0.1525,-0.1525,2022,6,7
889,2022-06-08,0.0,159,0.4675,-0.4675,-0.4675,2022,6,8
890,2022-06-09,0.07,160,0.4375,-0.3675,-0.3675,2022,6,9
891,2022-06-10,0.02,161,0.01,0.01,0.01,2022,6,10
892,2022-06-11,0.03,162,0.0475,-0.0175,-0.0175,2022,6,11
893,2022-06-12,0.0,163,0.075,-0.075,-0.075,2022,6,12
894,2022-06-13,0.0,164,0.0225,-0.0225,-0.0225,2022,6,13
895,2022-06-14,0.0,165,0.04,-0.04,-0.04,2022,6,14
896,2022-06-15,0.0,166,0.09999999999999999,-0.09999999999999999,-0.09999999999999999,2022,6,15
897,2022-06-16,0.0,167,0.375,-0.375,-0.375,2022,6,16
898,2022-06-17,0.0,168,0.27749999999999997,-0.27749999999999997,-0.27749999999999997,2022,6,17
899,2022-06-18,0.24,169,0.16749999999999998,0.07250000000000001,0.07250000000000001,2022,6,18
900,2022-06-19,0.41,170,0.1025,0.3075,0.3075,2022,6,19
901,2022-06-20,0.03,171,0.01,0.019999999999999997,0.019999999999999997,2022,6,20
902,2022-06-21,0.0,172,0.57,-0.57,-0.57,2022,6,21
903,2022-06-22,0.0,173,0.9550000000000001,-0.9550000000000001,-0.9550000000000001,2022,6,22
904,2022-06-23,0.0,174,0.2425,-0.2425,-0.2425,2022,6,23
905,2022-06-24,0.0,175,0.0325,-0.0325,-0.0325,2022,6,24
906,2022-06-25,0.0,176,0.0,0.0,0.0,2022,6,25
907,2022-06-26,0.0,177,0.0,0.0,0.0,2022,6,26
908,2022-06-27,0.01,178,0.0025,0.0075,0.0075,2022,6,27
909,2022-06-28,0.0,179,0.0,0.0,0.0,2022,6,28
910,2022-06-29,0.0,180,0.0,0.0,0.0,2022,6,29
911,2022-06-30,0.0,181,0.0,0.0,0.0,2022,6,30
912,2022-07-01,0.0,182,0.0,0.0,0.0,2022,7,1
913,2022-07-02,0.0,183,0.005,-0.005,-0.005,2022,7,2
914,2022-07-03,0.0,184,0.0075,-0.0075,-0.0075,2022,7,3
915,2022-07-04,0.0,185,0.0,0.0,0.0,2022,7,4
916,2022-07-05,0.0,186,0.0,0.0,0.0,2022,7,5
917,2022-07-06,0.0,187,0.0,0.0,0.0,2022,7,6
918,2022-07-07,0.0,188,0.0,0.0,0.0,2022,7,7
919,2022-07-08,0.0,189,0.0,0.0,0.0,2022,7,8
920,2022-07-09,0.0,190,0.0,0.0,0.0,2022,7,9
921,2022-07-10,0.1,191,0.025,0.07500000000000001,0.07500000000000001,2022,7,10
922,2022-07-11,0.0,192,0.0,0.0,0.0,2022,7,11
923,2022-07-12,0.0,193,0.0,0.0,0.0,2022,7,12
924,2022-07-13,0.0,194,0.0,0.0,0.0,2022,7,13
925,2022-07-14,0.0,195,0.0,0.0,0.0,2022,7,14
926,2022-07-15,0.0,196,0.0,0.0,0.0,2022,7,15
927,2022-07-16,0.0,197,0.0,0.0,0.0,2022,7,16
928,2022-07-17,0.0,198,0.0,0.0,0.0,2022,7,17
929,2022-07-18,0.0,199,0.0,0.0,0.0,2022,7,18
930,2022-07-19,0.0,200,0.0,0.0,0.0,2022,7,19
931,2022-07-20,0.0,201,0.0,0.0,0.0,2022,7,20
932,2022-07-21,0.0,202,0.0,0.0,0.0,2022,7,21
933,2022-07-22,0.0,203,0.0,0.0,0.0,2022,7,22
934,2022-07-23,0.0,204,0.0,0.0,0.0,2022,7,23
935,2022-07-24,0.0,205,0.0,0.0,0.0,2022,7,24
936,2022-07-25,0.0,206,0.0,0.0,0.0,2022,7,25
937,2022-07-26,0.0,207,0.0,0.0,0.0,2022,7,26
938,2022-07-27,0.0,208,0.0,0.0,0.0,2022,7,27
939,2022-07-28,0.0,209,0.0,0.0,0.0,2022,7,28
940,2022-07-29,0.0,210,0.0,0.0,0.0,2022,7,29
941,2022-07-30,0.0,211,0.0,0.0,0.0,2022,7,30
942,2022-07-31,0.0,212,0.0,0.0,0.0,2022,7,31
943,2022-08-01,0.0,213,0.0,0.0,0.0,2022,8,1
944,2022-08-02,0.0,214,0.0,0.0,0.0,2022,8,2
945,2022-08-03,0.0,215,0.0,0.0,0.0,2022,8,3
946,2022-08-04,0.0,216,0.0,0.0,0.0,2022,8,4
947,2022-08-05,0.0,217,0.0,0.0,0.0,2022,8,5
948,2022-08-06,0.0,218,0.0,0.0,0.0,2022,8,6
949,2022-08-07,0.0,219,0.0,0.0,0.0,2022,8,7
950,2022-08-08,0.0,220,0.0,0.0,0.0,2022,8,8
951,2022-08-09,0.0,221,0.0,0.0,0.0,2022,8,9
952,2022-08-10,0.0,222,0.0,0.0,0.0,2022,8,10
953,2022-08-11,0.0,223,0.0,0.0,0.0,2022,8,11
954,2022-08-12,0.01,224,0.0025,0.0075,0.0075,2022,8,12
955,2022-08-13,0.0,225,0.0,0.0,0.0,2022,8,13
956,2022-08-14,0.0,226,0.0,0.0,0.0,2022,8,14
957,2022-08-15,0.12,227,0.03,0.09,0.09,2022,8,15
958,2022-08-16,0.07,228,0.027500000000000004,0.0425,0.0425,2022,8,16
959,2022-08-17,0.0,229,0.0,0.0,0.0,2022,8,17
960,2022-08-18,0.0,230,0.0025,-0.0025,-0.0025,2022,8,18
961,2022-08-19,0.0,231,0.0,0.0,0.0,2022,8,19
962,2022-08-20,0.0,232,0.0,0.0,0.0,2022,8,20
963,2022-08-21,0.0,233,0.0,0.0,0.0,2022,8,21
964,2022-08-22,0.0,234,0.0,0.0,0.0,2022,8,22
965,2022-08-23,0.0,235,0.0,0.0,0.0,2022,8,23
966,2022-08-24,0.0,236,0.0,0.0,0.0,2022,8,24
967,2022-08-25,0.0,237,0.0,0.0,0.0,2022,8,25
968,2022-08-26,0.0,238,0.0,0.0,0.0,2022,8,26
969,2022-08-27,0.0,239,0.0,0.0,0.0,2022,8,27
970,2022-08-28,0.0,240,0.0,0.0,0.0,2022,8,28
971,2022-08-29,0.0,241,0.0,0.0,0.0,2022,8,29
972,2022-08-30,0.0,242,0.0,0.0,0.0,2022,8,30
973,2022-08-31,0.0,243,0.005,-0.005,-0.005,2022,8,31
974,2022-09-01,0.0,244,0.0125,-0.0125,-0.0125,2022,9,1
975,2022-09-02,0.0,245,0.0375,-0.0375,-0.0375,2022,9,2
976,2022-09-03,0.0,246,0.015,-0.015,-0.015,2022,9,3
977,2022-09-04,0.0,247,0.0,0.0,0.0,2022,9,4
978,2022-09-05,0.0,248,0.0,0.0,0.0,2022,9,5
979,2022-09-06,0.0,249,0.015,-0.015,-0.015,2022,9,6
980,2022-09-07,0.0,250,0.0025,-0.0025,-0.0025,2022,9,7
981,2022-09-08,0.0,251,0.0,0.0,0.0,2022,9,8
982,2022-09-09,0.0,252,0.0225,-0.0225,-0.0225,2022,9,9
983,2022-09-10,0.04,253,0.09749999999999999,-0.05749999999999999,-0.05749999999999999,2022,9,10
984,2022-09-11,0.0,254,0.0125,-0.0125,-0.0125,2022,9,11
985,2022-09-12,0.01,255,0.0025,0.0075,0.0075,2022,9,12
986,2022-09-13,0.16,256,0.060000000000000005,0.1,0.1,2022,9,13
987,2022-09-14,0.14,257,0.07,0.07,0.07,2022,9,14
988,2022-09-15,0.03,258,0.335,-0.30500000000000005,-0.30500000000000005,2022,9,15
989,2022-09-16,0.0,259,1.2774999999999999,-1.2774999999999999,-1.2774999999999999,2022,9,16
990,2022-09-17,0.01,260,0.69,-0.6799999999999999,-0.6799999999999999,2022,9,17
991,2022-09-18,0.0,261,0.21500000000000002,-0.21500000000000002,-0.21500000000000002,2022,9,18
992,2022-09-19,0.0,262,0.995,-0.995,-0.995,2022,9,19
993,2022-09-20,0.0,263,2.525,-2.525,-2.525,2022,9,20
994,2022-09-21,0.0,264,2.05,-2.05,-2.05,2022,9,21
995,2022-09-22,0.61,265,2.8825000000000003,-2.2725000000000004,-2.2725000000000004,2022,9,22
996,2022-09-23,6.42,266,4.6975,1.7225000000000001,1.7225000000000001,2022,9,23
997,2022-09-24,3.21,267,1.75,1.46,1.46,2022,9,24
998,2022-09-25,0.24,268,0.855,-0.615,-0.615,2022,9,25
999,2022-09-26,0.76,269,2.165,-1.405,-1.405,2022,9,26
1000,2022-09-27,5.69,270,2.4525,3.2375000000000003,3.2375000000000003,2022,9,27
1001,2022-09-28,5.04,271,1.9024999999999999,3.1375,3.1375,2022,9,28
1002,2022-09-29,4.31,272,1.8549999999999998,2.455,2.455,2022,9,29
1003,2022-09-30,6.96,273,2.705,4.255,4.255,2022,9,30
1004,2022-10-01,5.11,274,2.9775,2.1325000000000003,2.1325000000000003,2022,10,1
1005,2022-10-02,10.0,275,2.885,7.115,7.115,2022,10,2
1006,2022-10-03,13.57,276,5.5375,8.0325,8.0325,2022,10,3
1007,2022-10-04,13.18,277,5.6625000000000005,7.517499999999999,7.517499999999999,2022,10,4
1008,2022-10-05,7.13,278,3.7075,3.4225,3.4225,2022,10,5
1009,2022-10-06,2.21,279,2.7025,-0.49250000000000016,-0.49250000000000016,2022,10,6
1010,2022-10-07,2.1,280,3.8200000000000003,-1.7200000000000002,-1.7200000000000002,2022,10,7
1011,2022-10-08,16.06,281,7.2375,8.822499999999998,8.822499999999998,2022,10,8
1012,2022-10-09,13.07,282,7.095,5.9750000000000005,5.9750000000000005,2022,10,9
1013,2022-10-10,10.26,283,5.2075,5.0525,5.0525,2022,10,10
1014,2022-10-11,7.44,284,3.2875,4.1525,4.1525,2022,10,11
1015,2022-10-12,4.18,285,1.9,2.28,2.28,2022,10,12
1016,2022-10-13,2.95,286,2.435,0.5150000000000001,0.5150000000000001,2022,10,13
1017,2022-10-14,9.5,287,6.04,3.46,3.46,2022,10,14
1018,2022-10-15,3.3,288,4.96,-1.6600000000000001,-1.6600000000000001,2022,10,15
1019,2022-10-16,2.21,289,3.925,-1.7149999999999999,-1.7149999999999999,2022,10,16
1020,2022-10-17,8.93,290,10.6875,-1.7575000000000003,-1.7575000000000003,2022,10,17
1021,2022-10-18,20.12,291,13.7575,6.362500000000001,6.362500000000001,2022,10,18
1022,2022-10-19,20.27,292,10.43,9.84,9.84,2022,10,19
1023,2022-10-20,16.57,293,7.387499999999999,9.182500000000001,9.182500000000001,2022,10,20
1024,2022-10-21,13.07,294,5.68,7.390000000000001,7.390000000000001,2022,10,21
1025,2022-10-22,8.98,295,6.4075,2.5725000000000007,2.5725000000000007,2022,10,22
1026,2022-10-23,9.11,296,7.1425,1.9674999999999994,1.9674999999999994,2022,10,23
1027,2022-10-24,5.17,297,4.02,1.1500000000000004,1.1500000000000004,2022,10,24
1028,2022-10-25,5.12,298,2.5725,2.5475000000000003,2.5475000000000003,2022,10,25
1029,2022-10-26,5.1,299,6.56,-1.46,-1.46,2022,10,26
1030,2022-10-27,10.85,300,6.33,4.52,4.52,2022,10,27
1031,2022-10-28,12.61,301,5.89,6.72,6.72,2022,10,28
1032,2022-10-29,14.3,302,5.235,9.065000000000001,9.065000000000001,2022,10,29
1033,2022-10-30,12.73,303,7.2075,5.522500000000001,5.522500000000001,2022,10,30
1034,2022-10-31,5.4,304,12.4725,-7.0725,-7.0725,2022,10,31
1035,2022-11-01,2.9,305,14.4875,-11.5875,-11.5875,2022,11,1
1036,2022-11-02,6.91,306,16.5375,-9.627500000000001,-9.627500000000001,2022,11,2
1037,2022-11-03,6.04,307,16.5075,-10.467500000000001,-10.467500000000001,2022,11,3
1038,2022-11-04,2.38,308,12.91,-10.530000000000001,-10.530000000000001,2022,11,4
1039,2022-11-05,0.0,309,10.344999999999999,-10.344999999999999,-10.344999999999999,2022,11,5
1040,2022-11-06,0.0,310,9.0425,-9.0425,-9.0425,2022,11,6
1041,2022-11-07,1.58,311,6.905,-5.325,-5.325,2022,11,7
1042,2022-11-08,14.25,312,9.754999999999999,4.495000000000001,4.495000000000001,2022,11,8
1043,2022-11-09,13.07,313,6.3025,6.7675,6.7675,2022,11,9
1044,2022-11-10,6.35,314,8.905000000000001,-2.5550000000000015,-2.5550000000000015,2022,11,10
1045,2022-11-11,0.32,315,6.25,-5.93,-5.93,2022,11,11
1046,2022-11-12,5.84,316,9.68,-3.84,-3.84,2022,11,12
1047,2022-11-13,23.55,317,17.8925,5.657500000000002,5.657500000000002,2022,11,13
1048,2022-11-14,25.5,318,19.97,5.530000000000001,5.530000000000001,2022,11,14
1049,2022-11-15,23.86,319,19.447499999999998,4.412500000000001,4.412500000000001,2022,11,15
1050,2022-11-16,21.76,320,14.635,7.125000000000002,7.125000000000002,2022,11,16
1051,2022-11-17,29.13,321,15.7325,13.397499999999999,13.397499999999999,2022,11,17
1052,2022-11-18,27.49,322,18.305,9.184999999999999,9.184999999999999,2022,11,18
1053,2022-11-19,26.11,323,24.987499999999997,1.1225000000000023,1.1225000000000023,2022,11,19
1054,2022-11-20,33.35,324,25.6525,7.697500000000002,7.697500000000002,2022,11,20
1055,2022-11-21,27.71,325,18.27,9.440000000000001,9.440000000000001,2022,11,21
1056,2022-11-22,22.02,326,17.21,4.809999999999999,4.809999999999999,2022,11,22
1057,2022-11-23,19.49,327,19.25,0.23999999999999844,0.23999999999999844,2022,11,23
1058,2022-11-24,18.64,328,21.755000000000003,-3.115000000000002,-3.115000000000002,2022,11,24
1059,2022-11-25,16.88,329,20.814999999999998,-3.9349999999999987,-3.9349999999999987,2022,11,25
1060,2022-11-26,17.18,330,20.2225,-3.0425000000000004,-3.0425000000000004,2022,11,26
1061,2022-11-27,11.0,331,17.1925,-6.192499999999999,-6.192499999999999,2022,11,27
1062,2022-11-28,19.0,332,20.835,-1.8350000000000009,-1.8350000000000009,2022,11,28
1063,2022-11-29,18.79,333,24.4625,-5.672499999999999,-5.672499999999999,2022,11,29
1064,2022-11-30,18.34,334,20.1575,-1.817499999999999,-1.817499999999999,2022,11,30
1065,2022-12-01,29.46,335,20.490000000000002,8.969999999999999,8.969999999999999,2022,12,1
1066,2022-12-02,24.71,336,17.497500000000002,7.212499999999999,7.212499999999999,2022,12,2
1067,2022-12-03,16.37,337,18.2275,-1.8574999999999982,-1.8574999999999982,2022,12,3
1068,2022-12-04,28.69,338,22.265,6.425000000000001,6.425000000000001,2022,12,4
1069,2022-12-05,26.35,339,20.695,5.655000000000001,5.655000000000001,2022,12,5
1070,2022-12-06,15.86,340,19.8175,-3.9574999999999996,-3.9574999999999996,2022,12,6
1071,2022-12-07,11.65,341,22.314999999999998,-10.664999999999997,-10.664999999999997,2022,12,7
1072,2022-12-08,16.36,342,23.81,-7.449999999999999,-7.449999999999999,2022,12,8
1073,2022-12-09,23.96,343,24.835,-0.875,-0.875,2022,12,9
1074,2022-12-10,24.13,344,21.377499999999998,2.7525000000000013,2.7525000000000013,2022,12,10
1075,2022-12-11,22.72,345,21.025,1.6950000000000003,1.6950000000000003,2022,12,11
1076,2022-12-12,26.21,346,23.817500000000003,2.3924999999999983,2.3924999999999983,2022,12,12
1077,2022-12-13,31.58,347,22.572499999999998,9.0075,9.0075,2022,12,13
1078,2022-12-14,30.81,348,22.4225,8.3875,8.3875,2022,12,14
1079,2022-12-15,23.98,349,22.3,1.6799999999999997,1.6799999999999997,2022,12,15
1080,2022-12-16,23.45,350,20.81,2.6400000000000006,2.6400000000000006,2022,12,16
1081,2022-12-17,25.5,351,19.384999999999998,6.115000000000002,6.115000000000002,2022,12,17
1082,2022-12-18,30.56,352,23.16,7.399999999999999,7.399999999999999,2022,12,18
1083,2022-12-19,32.25,353,30.905,1.3449999999999989,1.3449999999999989,2022,12,19
1084,2022-12-20,33.47,354,31.3675,2.102499999999999,2.102499999999999,2022,12,20
1085,2022-12-21,29.8,355,27.6425,2.1575000000000024,2.1575000000000024,2022,12,21
1086,2022-12-22,20.22,356,23.55,-3.330000000000002,-3.330000000000002,2022,12,22
1087,2022-12-23,38.41,357,29.354999999999997,9.055,9.055,2022,12,23
1088,2022-12-24,50.3,358,27.7925,22.507499999999997,22.507499999999997,2022,12,24
1089,2022-12-25,42.14,359,20.450000000000003,21.689999999999998,21.689999999999998,2022,12,25
1090,2022-12-26,39.9,360,26.4075,13.4925,13.4925,2022,12,26
1091,2022-12-27,31.9,361,25.7,6.199999999999999,6.199999999999999,2022,12,27
1092,2022-12-28,27.74,362,22.2575,5.482499999999998,5.482499999999998,2022,12,28
1093,2022-12-29,21.74,363,18.18,3.5599999999999987,3.5599999999999987,2022,12,29
1094,2022-12-30,15.56,364,20.9625,-5.402499999999998,-5.402499999999998,2022,12,30
1095,2022-12-31,12.51,365,18.13,-5.619999999999999,-5.619999999999999,2022,12,31
1096,2023-01-01,12.61,1,16.775,-4.164999999999999,-4.164999999999999,2023,1,1
1097,2023-01-02,12.09,2,16.27,-4.18,-4.18,2023,1,2
1098,2023-01-03,4.71,3,20.36,-15.649999999999999,-15.649999999999999,2023,1,3
1099,2023-01-04,6.62,4,21.262500000000003,-14.642500000000002,-14.642500000000002,2023,1,4
1100,2023-01-05,12.41,5,22.96,-10.55,-10.55,2023,1,5
1101,2023-01-06,22.18,6,25.192500000000003,-3.012500000000003,-3.012500000000003,2023,1,6
1102,2023-01-07,26.4,7,30.365000000000002,-3.9650000000000034,-3.9650000000000034,2023,1,7
1103,2023-01-08,29.99,8,31.3675,-1.3775000000000013,-1.3775000000000013,2023,1,8
1104,2023-01-09,26.41,9,27.0375,-0.6275000000000013,-0.6275000000000013,2023,1,9
1105,2023-01-10,28.25,10,26.3,1.9499999999999993,1.9499999999999993,2023,1,10
1106,2023-01-11,27.66,11,24.8125,2.8475,2.8475,2023,1,11
1107,2023-01-12,15.52,12,20.002499999999998,-4.482499999999998,-4.482499999999998,2023,1,12
1108,2023-01-13,21.58,13,22.13,-0.5500000000000007,-0.5500000000000007,2023,1,13
1109,2023-01-14,32.71,14,25.32,7.390000000000001,7.390000000000001,2023,1,14
1110,2023-01-15,30.3,15,27.155,3.1449999999999996,3.1449999999999996,2023,1,15
1111,2023-01-16,23.48,16,26.235000000000003,-2.7550000000000026,-2.7550000000000026,2023,1,16
1112,2023-01-17,20.95,17,27.2775,-6.327500000000001,-6.327500000000001,2023,1,17
1113,2023-01-18,14.78,18,25.37,-10.590000000000002,-10.590000000000002,2023,1,18
1114,2023-01-19,16.65,19,23.14,-6.490000000000002,-6.490000000000002,2023,1,19
1115,2023-01-20,21.76,20,30.3275,-8.567499999999999,-8.567499999999999,2023,1,20
1116,2023-01-21,28.12,21,32.935,-4.815000000000001,-4.815000000000001,2023,1,21
1117,2023-01-22,26.6,22,31.805,-5.204999999999998,-5.204999999999998,2023,1,22
1118,2023-01-23,26.35,23,31.4375,-5.087499999999999,-5.087499999999999,2023,1,23
1119,2023-01-24,24.71,24,27.1525,-2.442499999999999,-2.442499999999999,2023,1,24
1120,2023-01-25,23.4,25,25.28,-1.8800000000000026,-1.8800000000000026,2023,1,25
1121,2023-01-26,25.73,26,29.462500000000002,-3.7325000000000017,-3.7325000000000017,2023,1,26
1122,2023-01-27,28.01,27,29.3325,-1.322499999999998,-1.322499999999998,2023,1,27
1123,2023-01-28,20.3,28,28.4475,-8.1475,-8.1475,2023,1,28
1124,2023-01-29,21.18,29,33.075,-11.895000000000003,-11.895000000000003,2023,1,29
1125,2023-01-30,15.68,30,30.400000000000002,-14.720000000000002,-14.720000000000002,2023,1,30
1126,2023-01-31,23.76,31,29.529999999999998,-5.769999999999996,-5.769999999999996,2023,1,31
1127,2023-02-01,30.47,32,30.104999999999997,0.365000000000002,0.365000000000002,2023,2,1
1128,2023-02-02,28.75,33,26.195,2.5549999999999997,2.5549999999999997,2023,2,2
1129,2023-02-03,38.17,34,22.6125,15.557500000000001,15.557500000000001,2023,2,3
1130,2023-02-04,39.41,35,22.7125,16.697499999999998,16.697499999999998,2023,2,4
1131,2023-02-05,21.01,36,24.89,-3.879999999999999,-3.879999999999999,2023,2,5
1132,2023-02-06,24.37,37,24.087500000000002,0.28249999999999886,0.28249999999999886,2023,2,6
1133,2023-02-07,23.72,38,26.79,-3.0700000000000003,-3.0700000000000003,2023,2,7
1134,2023-02-08,10.45,39,24.905,-14.455000000000002,-14.455000000000002,2023,2,8
1135,2023-02-09,6.04,40,19.285,-13.245000000000001,-13.245000000000001,2023,2,9
1136,2023-02-10,13.11,41,19.055,-5.945,-5.945,2023,2,10
1137,2023-02-11,21.55,42,20.6225,0.927500000000002,0.927500000000002,2023,2,11
1138,2023-02-12,25.96,43,23.5275,2.432500000000001,2.432500000000001,2023,2,12
1139,2023-02-13,20.31,44,26.569999999999997,-6.259999999999998,-6.259999999999998,2023,2,13
1140,2023-02-14,17.54,45,30.62,-13.080000000000002,-13.080000000000002,2023,2,14
1141,2023-02-15,6.32,46,25.5225,-19.2025,-19.2025,2023,2,15
1142,2023-02-16,6.52,47,19.7425,-13.2225,-13.2225,2023,2,16
1143,2023-02-17,19.59,48,19.685,-0.09499999999999886,-0.09499999999999886,2023,2,17
1144,2023-02-18,27.15,49,25.459999999999997,1.6900000000000013,1.6900000000000013,2023,2,18
1145,2023-02-19,16.05,50,25.5875,-9.537499999999998,-9.537499999999998,2023,2,19
1146,2023-02-20,13.11,51,28.61,-15.5,-15.5,2023,2,20
1147,2023-02-21,12.21,52,24.6475,-12.4375,-12.4375,2023,2,21
1148,2023-02-22,12.02,53,17.83,-5.809999999999999,-5.809999999999999,2023,2,22
1149,2023-02-23,1.49,54,13.0125,-11.522499999999999,-11.522499999999999,2023,2,23
1150,2023-02-24,18.02,55,20.002499999999998,-1.9824999999999982,-1.9824999999999982,2023,2,24
1151,2023-02-25,27.37,56,19.9475,7.422499999999999,7.422499999999999,2023,2,25
1152,2023-02-26,20.1,57,21.8275,-1.7274999999999991,-1.7274999999999991,2023,2,26
1153,2023-02-27,18.44,58,21.7725,-3.3324999999999996,-3.3324999999999996,2023,2,27
1154,2023-02-28,14.82,59,20.5675,-5.747499999999999,-5.747499999999999,2023,2,28
1155,2023-03-01,15.48,60,22.195,-6.715,-6.715,2023,3,1
1156,2023-03-02,10.35,61,19.37,-9.020000000000001,-9.020000000000001,2023,3,2
1157,2023-03-03,16.25,62,17.33,-1.0799999999999983,-1.0799999999999983,2023,3,3
1158,2023-03-04,18.84,63,19.6875,-0.8475000000000001,-0.8475000000000001,2023,3,4
1159,2023-03-05,16.0,64,18.195,-2.1950000000000003,-2.1950000000000003,2023,3,5
1160,2023-03-06,14.94,65,16.1325,-1.1925000000000008,-1.1925000000000008,2023,3,6
1161,2023-03-07,20.12,66,18.5825,1.5375000000000014,1.5375000000000014,2023,3,7
1162,2023-03-08,21.72,67,21.94,-0.22000000000000242,-0.22000000000000242,2023,3,8
1163,2023-03-09,19.39,68,18.275,1.115000000000002,1.115000000000002,2023,3,9
1164,2023-03-10,22.12,69,15.0,7.120000000000001,7.120000000000001,2023,3,10
1165,2023-03-11,25.48,70,12.370000000000001,13.11,13.11,2023,3,11
1166,2023-03-12,27.63,71,19.849999999999998,7.780000000000001,7.780000000000001,2023,3,12
1167,2023-03-13,24.17,72,20.7075,3.462500000000002,3.462500000000002,2023,3,13
1168,2023-03-14,27.56,73,16.7925,10.767499999999998,10.767499999999998,2023,3,14
1169,2023-03-15,25.07,74,18.62,6.449999999999999,6.449999999999999,2023,3,15
1170,2023-03-16,15.67,75,17.235,-1.5649999999999995,-1.5649999999999995,2023,3,16
1171,2023-03-17,12.84,76,15.135,-2.295,-2.295,2023,3,17
1172,2023-03-18,22.94,77,13.6225,9.3175,9.3175,2023,3,18
1173,2023-03-19,31.12,78,18.03,13.09,13.09,2023,3,19
1174,2023-03-20,26.82,79,16.4075,10.412500000000001,10.412500000000001,2023,3,20
1175,2023-03-21,17.12,80,11.16,5.960000000000001,5.960000000000001,2023,3,21
1176,2023-03-22,8.59,81,11.3325,-2.7424999999999997,-2.7424999999999997,2023,3,22
1177,2023-03-23,0.24,82,9.3575,-9.1175,-9.1175,2023,3,23
1178,2023-03-24,9.37,83,12.122499999999999,-2.7524999999999995,-2.7524999999999995,2023,3,24
1179,2023-03-25,10.26,84,10.2225,0.037499999999999645,0.037499999999999645,2023,3,25
1180,2023-03-26,7.64,85,12.535,-4.8950000000000005,-4.8950000000000005,2023,3,26
1181,2023-03-27,9.84,86,13.592500000000001,-3.7525000000000013,-3.7525000000000013,2023,3,27
1182,2023-03-28,16.24,87,14.0975,2.1424999999999983,2.1424999999999983,2023,3,28
1183,2023-03-29,16.89,88,16.302500000000002,0.5874999999999986,0.5874999999999986,2023,3,29
1184,2023-03-30,18.73,89,10.3775,8.352500000000001,8.352500000000001,2023,3,30
1185,2023-03-31,8.78,90,6.672499999999999,2.1075,2.1075,2023,3,31
1186,2023-04-01,4.63,91,16.475,-11.845000000000002,-11.845000000000002,2023,4,1
1187,2023-04-02,17.24,92,19.8375,-2.5975,-2.5975,2023,4,2
1188,2023-04-03,6.5,93,13.864999999999998,-7.364999999999998,-7.364999999999998,2023,4,3
1189,2023-04-04,0.03,94,8.085,-8.055000000000001,-8.055000000000001,2023,4,4
1190,2023-04-05,0.0,95,7.045,-7.045,-7.045,2023,4,5
1191,2023-04-06,0.12,96,4.1925,-4.0725,-4.0725,2023,4,6
1192,2023-04-07,16.58,97,8.9225,7.657499999999999,7.657499999999999,2023,4,7
1193,2023-04-08,21.75,98,9.695,12.055,12.055,2023,4,8
1194,2023-04-09,17.84,99,10.502500000000001,7.337499999999999,7.337499999999999,2023,4,9
1195,2023-04-10,15.11,100,10.8525,4.2575,4.2575,2023,4,10
1196,2023-04-11,4.01,101,8.540000000000001,-4.530000000000001,-4.530000000000001,2023,4,11
1197,2023-04-12,0.3,102,5.3925,-5.0925,-5.0925,2023,4,12
1198,2023-04-13,0.05,103,3.0725000000000002,-3.0225000000000004,-3.0225000000000004,2023,4,13
1199,2023-04-14,0.1,104,2.8625000000000003,-2.7625,-2.7625,2023,4,14
1200,2023-04-15,0.16,105,8.525,-8.365,-8.365,2023,4,15
1201,2023-04-16,0.62,106,9.215,-8.595,-8.595,2023,4,16
1202,2023-04-17,9.59,107,14.02,-4.43,-4.43,2023,4,17
1203,2023-04-18,7.0,108,12.515,-5.515000000000001,-5.515000000000001,2023,4,18
1204,2023-04-19,2.98,109,14.0075,-11.0275,-11.0275,2023,4,19
1205,2023-04-20,0.02,110,6.24,-6.220000000000001,-6.220000000000001,2023,4,20
1206,2023-04-21,0.02,111,8.3375,-8.3175,-8.3175,2023,4,21
1207,2023-04-22,5.92,112,10.4125,-4.4925,-4.4925,2023,4,22
1208,2023-04-23,10.64,113,9.2375,1.4024999999999999,1.4024999999999999,2023,4,23
1209,2023-04-24,15.06,114,8.365,6.695,6.695,2023,4,24
1210,2023-04-25,14.46,115,8.625,5.835000000000001,5.835000000000001,2023,4,25
1211,2023-04-26,8.34,116,7.755,0.585,0.585,2023,4,26
1212,2023-04-27,3.49,117,7.05,-3.5599999999999996,-3.5599999999999996,2023,4,27
1213,2023-04-28,8.43,118,9.94,-1.5099999999999998,-1.5099999999999998,2023,4,28
1214,2023-04-29,3.23,119,6.5675,-3.3375,-3.3375,2023,4,29
1215,2023-04-30,7.92,120,5.4925,2.4275,2.4275,2023,4,30
1216,2023-05-01,10.54,121,6.734999999999999,3.8049999999999997,3.8049999999999997,2023,5,1
1217,2023-05-02,12.3,122,5.3125,6.987500000000001,6.987500000000001,2023,5,2
1218,2023-05-03,14.0,123,4.3774999999999995,9.6225,9.6225,2023,5,3
1219,2023-05-04,12.63,124,3.165,9.465,9.465,2023,5,4
1220,2023-05-05,7.38,125,3.715,3.665,3.665,2023,5,5
1221,2023-05-06,3.07,126,7.8725000000000005,-4.8025,-4.8025,2023,5,6
1222,2023-05-07,0.53,127,10.227500000000001,-9.697500000000002,-9.697500000000002,2023,5,7
1223,2023-05-08,0.01,128,9.54,-9.53,-9.53,2023,5,8
1224,2023-05-09,6.48,129,8.2675,-1.7874999999999996,-1.7874999999999996,2023,5,9
1225,2023-05-10,5.16,130,9.9625,-4.8025,-4.8025,2023,5,10
1226,2023-05-11,0.04,131,4.74,-4.7,-4.7,2023,5,11
1227,2023-05-12,0.0,132,7.1725,-7.1725,-7.1725,2023,5,12
1228,2023-05-13,0.72,133,6.1049999999999995,-5.385,-5.385,2023,5,13
1229,2023-05-14,0.92,134,4.3025,-3.3825000000000003,-3.3825000000000003,2023,5,14
1230,2023-05-15,1.71,135,1.7575,-0.0475000000000001,-0.0475000000000001,2023,5,15
1231,2023-05-16,0.07,136,1.485,-1.415,-1.415,2023,5,16
1232,2023-05-17,2.98,137,1.835,1.145,1.145,2023,5,17
1233,2023-05-18,4.83,138,1.995,2.835,2.835,2023,5,18
1234,2023-05-19,1.29,139,1.405,-0.11499999999999999,-0.11499999999999999,2023,5,19
1235,2023-05-20,0.15,140,1.92,-1.77,-1.77,2023,5,20
1236,2023-05-21,0.97,141,2.8000000000000003,-1.8300000000000003,-1.8300000000000003,2023,5,21
1237,2023-05-22,0.2,142,1.0275,-0.8275000000000001,-0.8275000000000001,2023,5,22
1238,2023-05-23,2.69,143,1.025,1.665,1.665,2023,5,23
1239,2023-05-24,1.04,144,2.09,-1.0499999999999998,-1.0499999999999998,2023,5,24
1240,2023-05-25,6.65,145,2.73,3.9200000000000004,3.9200000000000004,2023,5,25
1241,2023-05-26,4.57,146,1.23,3.3400000000000003,3.3400000000000003,2023,5,26
1242,2023-05-27,1.72,147,0.46749999999999997,1.2525,1.2525,2023,5,27
1243,2023-05-28,0.84,148,0.48250000000000004,0.35749999999999993,0.35749999999999993,2023,5,28
1244,2023-05-29,0.13,149,2.3425000000000002,-2.2125000000000004,-2.2125000000000004,2023,5,29
1245,2023-05-30,2.32,150,3.6350000000000002,-1.3150000000000004,-1.3150000000000004,2023,5,30
1246,2023-05-31,0.42,151,0.7074999999999999,-0.2874999999999999,-0.2874999999999999,2023,5,31
1247,2023-06-01,0.01,152,0.7125,-0.7025,-0.7025,2023,6,1
1248,2023-06-02,0.0,153,0.6575,-0.6575,-0.6575,2023,6,2
1249,2023-06-03,0.0,154,0.0375,-0.0375,-0.0375,2023,6,3
1250,2023-06-04,3.82,155,0.9674999999999999,2.8525,2.8525,2023,6,4
1251,2023-06-05,0.32,156,0.0875,0.2325,0.2325,2023,6,5
1252,2023-06-06,0.06,157,0.015,0.045,0.045,2023,6,6
1253,2023-06-07,0.61,158,0.1525,0.4575,0.4575,2023,6,7
1254,2023-06-08,1.87,159,0.4675,1.4025,1.4025,2023,6,8
1255,2023-06-09,1.68,160,0.4375,1.2425,1.2425,2023,6,9
1256,2023-06-10,0.02,161,0.01,0.01,0.01,2023,6,10
1257,2023-06-11,0.0,162,0.0475,-0.0475,-0.0475,2023,6,11
1258,2023-06-12,0.29,163,0.075,0.21499999999999997,0.21499999999999997,2023,6,12
1259,2023-06-13,0.08,164,0.0225,0.0575,0.0575,2023,6,13
1260,2023-06-14,0.1,165,0.04,0.060000000000000005,0.060000000000000005,2023,6,14
1261,2023-06-15,0.0,166,0.09999999999999999,-0.09999999999999999,-0.09999999999999999,2023,6,15
1262,2023-06-16,0.01,167,0.375,-0.365,-0.365,2023,6,16
1263,2023-06-17,0.06,168,0.27749999999999997,-0.21749999999999997,-0.21749999999999997,2023,6,17
1264,2023-06-18,0.0,169,0.16749999999999998,-0.16749999999999998,-0.16749999999999998,2023,6,18
1265,2023-06-19,0.0,170,0.1025,-0.1025,-0.1025,2023,6,19
1266,2023-06-20,0.01,171,0.01,0.0,0.0,2023,6,20
1267,2023-06-21,2.28,172,0.57,1.71,1.71,2023,6,21
1268,2023-06-22,1.36,173,0.9550000000000001,0.405,0.405,2023,6,22
1269,2023-06-23,0.0,174,0.2425,-0.2425,-0.2425,2023,6,23
1270,2023-06-24,0.0,175,0.0325,-0.0325,-0.0325,2023,6,24
1271,2023-06-25,0.0,176,0.0,0.0,0.0,2023,6,25
1272,2023-06-26,0.0,177,0.0,0.0,0.0,2023,6,26
1273,2023-06-27,0.0,178,0.0025,-0.0025,-0.0025,2023,6,27
1274,2023-06-28,0.0,179,0.0,0.0,0.0,2023,6,28
1275,2023-06-29,0.0,180,0.0,0.0,0.0,2023,6,29
1276,2023-06-30,0.0,181,0.0,0.0,0.0,2023,6,30
1277,2023-07-01,0.0,182,0.0,0.0,0.0,2023,7,1
1278,2023-07-02,0.0,183,0.005,-0.005,-0.005,2023,7,2
1279,2023-07-03,0.0,184,0.0075,-0.0075,-0.0075,2023,7,3
1280,2023-07-04,0.0,185,0.0,0.0,0.0,2023,7,4
1281,2023-07-05,0.0,186,0.0,0.0,0.0,2023,7,5
1282,2023-07-06,0.0,187,0.0,0.0,0.0,2023,7,6
1283,2023-07-07,0.0,188,0.0,0.0,0.0,2023,7,7
1284,2023-07-08,0.0,189,0.0,0.0,0.0,2023,7,8
1285,2023-07-09,0.0,190,0.0,0.0,0.0,2023,7,9
1286,2023-07-10,0.0,191,0.025,-0.025,-0.025,2023,7,10
1287,2023-07-11,0.0,192,0.0,0.0,0.0,2023,7,11
1288,2023-07-12,0.0,193,0.0,0.0,0.0,2023,7,12
1289,2023-07-13,0.0,194,0.0,0.0,0.0,2023,7,13
1290,2023-07-14,0.0,195,0.0,0.0,0.0,2023,7,14
1291,2023-07-15,0.0,196,0.0,0.0,0.0,2023,7,15
1292,2023-07-16,0.0,197,0.0,0.0,0.0,2023,7,16
1293,2023-07-17,0.0,198,0.0,0.0,0.0,2023,7,17
1294,2023-07-18,0.0,199,0.0,0.0,0.0,2023,7,18
1295,2023-07-19,0.0,200,0.0,0.0,0.0,2023,7,19
1296,2023-07-20,0.0,201,0.0,0.0,0.0,2023,7,20
1297,2023-07-21,0.0,202,0.0,0.0,0.0,2023,7,21
1298,2023-07-22,0.0,203,0.0,0.0,0.0,2023,7,22
1299,2023-07-23,0.0,204,0.0,0.0,0.0,2023,7,23
1300,2023-07-24,0.0,205,0.0,0.0,0.0,2023,7,24
1301,2023-07-25,0.0,206,0.0,0.0,0.0,2023,7,25
1302,2023-07-26,0.0,207,0.0,0.0,0.0,2023,7,26
1303,2023-07-27,0.0,208,0.0,0.0,0.0,2023,7,27
1304,2023-07-28,0.0,209,0.0,0.0,0.0,2023,7,28
1305,2023-07-29,0.0,210,0.0,0.0,0.0,2023,7,29
1306,2023-07-30,0.0,211,0.0,0.0,0.0,2023,7,30
1307,2023-07-31,0.0,212,0.0,0.0,0.0,2023,7,31
1308,2023-08-01,0.0,213,0.0,0.0,0.0,2023,8,1
1309,2023-08-02,0.0,214,0.0,0.0,0.0,2023,8,2
1310,2023-08-03,0.0,215,0.0,0.0,0.0,2023,8,3
1311,2023-08-04,0.0,216,0.0,0.0,0.0,2023,8,4
1312,2023-08-05,0.0,217,0.0,0.0,0.0,2023,8,5
1313,2023-08-06,0.0,218,0.0,0.0,0.0,2023,8,6
1314,2023-08-07,0.0,219,0.0,0.0,0.0,2023,8,7
1315,2023-08-08,0.0,220,0.0,0.0,0.0,2023,8,8
1316,2023-08-09,0.0,221,0.0,0.0,0.0,2023,8,9
1317,2023-08-10,0.0,222,0.0,0.0,0.0,2023,8,10
1318,2023-08-11,0.0,223,0.0,0.0,0.0,2023,8,11
1319,2023-08-12,0.0,224,0.0025,-0.0025,-0.0025,2023,8,12
1320,2023-08-13,0.0,225,0.0,0.0,0.0,2023,8,13
1321,2023-08-14,0.0,226,0.0,0.0,0.0,2023,8,14
1322,2023-08-15,0.0,227,0.03,-0.03,-0.03,2023,8,15
1323,2023-08-16,0.0,228,0.027500000000000004,-0.027500000000000004,-0.027500000000000004,2023,8,16
1324,2023-08-17,0.0,229,0.0,0.0,0.0,2023,8,17
1325,2023-08-18,0.01,230,0.0025,0.0075,0.0075,2023,8,18
1326,2023-08-19,0.0,231,0.0,0.0,0.0,2023,8,19
1327,2023-08-20,0.0,232,0.0,0.0,0.0,2023,8,20
1328,2023-08-21,0.0,233,0.0,0.0,0.0,2023,8,21
1329,2023-08-22,0.0,234,0.0,0.0,0.0,2023,8,22
1330,2023-08-23,0.0,235,0.0,0.0,0.0,2023,8,23
1331,2023-08-24,0.0,236,0.0,0.0,0.0,2023,8,24
1332,2023-08-25,0.0,237,0.0,0.0,0.0,2023,8,25
1333,2023-08-26,0.0,238,0.0,0.0,0.0,2023,8,26
1334,2023-08-27,0.0,239,0.0,0.0,0.0,2023,8,27
1335,2023-08-28,0.0,240,0.0,0.0,0.0,2023,8,28
1336,2023-08-29,0.0,241,0.0,0.0,0.0,2023,8,29
1337,2023-08-30,0.0,242,0.0,0.0,0.0,2023,8,30
1338,2023-08-31,0.02,243,0.005,0.015,0.015,2023,8,31
1339,2023-09-01,0.0,244,0.0125,-0.0125,-0.0125,2023,9,1
1340,2023-09-02,0.0,245,0.0375,-0.0375,-0.0375,2023,9,2
1341,2023-09-03,0.0,246,0.015,-0.015,-0.015,2023,9,3
1342,2023-09-04,0.0,247,0.0,0.0,0.0,2023,9,4
1343,2023-09-05,0.0,248,0.0,0.0,0.0,2023,9,5
1344,2023-09-06,0.0,249,0.015,-0.015,-0.015,2023,9,6
1345,2023-09-07,0.0,250,0.0025,-0.0025,-0.0025,2023,9,7
1346,2023-09-08,0.0,251,0.0,0.0,0.0,2023,9,8
1347,2023-09-09,0.0,252,0.0225,-0.0225,-0.0225,2023,9,9
1348,2023-09-10,0.0,253,0.09749999999999999,-0.09749999999999999,-0.09749999999999999,2023,9,10
1349,2023-09-11,0.0,254,0.0125,-0.0125,-0.0125,2023,9,11
1350,2023-09-12,0.0,255,0.0025,-0.0025,-0.0025,2023,9,12
1351,2023-09-13,0.01,256,0.060000000000000005,-0.05,-0.05,2023,9,13
1352,2023-09-14,0.14,257,0.07,0.07,0.07,2023,9,14
1353,2023-09-15,0.77,258,0.335,0.435,0.435,2023,9,15
1354,2023-09-16,0.01,259,1.2774999999999999,-1.2674999999999998,-1.2674999999999998,2023,9,16
1355,2023-09-17,0.69,260,0.69,0.0,0.0,2023,9,17
1356,2023-09-18,0.3,261,0.21500000000000002,0.08499999999999996,0.08499999999999996,2023,9,18
1357,2023-09-19,0.39,262,0.995,-0.605,-0.605,2023,9,19
1358,2023-09-20,0.07,263,2.525,-2.455,-2.455,2023,9,20
1359,2023-09-21,0.08,264,2.05,-1.9699999999999998,-1.9699999999999998,2023,9,21
1360,2023-09-22,0.72,265,2.8825000000000003,-2.1625000000000005,-2.1625000000000005,2023,9,22
1361,2023-09-23,3.47,266,4.6975,-1.2274999999999996,-1.2274999999999996,2023,9,23
1362,2023-09-24,0.42,267,1.75,-1.33,-1.33,2023,9,24
1363,2023-09-25,0.8,268,0.855,-0.05499999999999994,-0.05499999999999994,2023,9,25
1364,2023-09-26,4.04,269,2.165,1.875,1.875,2023,9,26
1365,2023-09-27,3.83,270,2.4525,1.3775,1.3775,2023,9,27
1366,2023-09-28,2.55,271,1.9024999999999999,0.6475,0.6475,2023,9,28
1367,2023-09-29,0.14,272,1.8549999999999998,-1.7149999999999999,-1.7149999999999999,2023,9,29
1368,2023-09-30,0.14,273,2.705,-2.565,-2.565,2023,9,30
1369,2023-10-01,0.04,274,2.9775,-2.9375,-2.9375,2023,10,1
1370,2023-10-02,0.01,275,2.885,-2.875,-2.875,2023,10,2
1371,2023-10-03,0.0,276,5.5375,-5.5375,-5.5375,2023,10,3
1372,2023-10-04,0.01,277,5.6625000000000005,-5.652500000000001,-5.652500000000001,2023,10,4
1373,2023-10-05,0.14,278,3.7075,-3.5675,-3.5675,2023,10,5
1374,2023-10-06,0.05,279,2.7025,-2.6525000000000003,-2.6525000000000003,2023,10,6
1375,2023-10-07,8.81,280,3.8200000000000003,4.99,4.99,2023,10,7
1376,2023-10-08,12.64,281,7.2375,5.402500000000001,5.402500000000001,2023,10,8
1377,2023-10-09,9.45,282,7.095,2.3549999999999995,2.3549999999999995,2023,10,9
1378,2023-10-10,6.12,283,5.2075,0.9125000000000005,0.9125000000000005,2023,10,10
1379,2023-10-11,4.95,284,3.2875,1.6625,1.6625,2023,10,11
1380,2023-10-12,2.9,285,1.9,1.0,1.0,2023,10,12
1381,2023-10-13,2.53,286,2.435,0.09499999999999975,0.09499999999999975,2023,10,13
1382,2023-10-14,8.56,287,6.04,2.5200000000000005,2.5200000000000005,2023,10,14
1383,2023-10-15,12.46,288,4.96,7.500000000000001,7.500000000000001,2023,10,15
1384,2023-10-16,10.9,289,3.925,6.9750000000000005,6.9750000000000005,2023,10,16
1385,2023-10-17,10.76,290,10.6875,0.07249999999999979,0.07249999999999979,2023,10,17
1386,2023-10-18,10.99,291,13.7575,-2.7675,-2.7675,2023,10,18
1387,2023-10-19,6.12,292,10.43,-4.31,-4.31,2023,10,19
1388,2023-10-20,6.29,293,7.387499999999999,-1.0974999999999993,-1.0974999999999993,2023,10,20
1389,2023-10-21,7.8,294,5.68,2.12,2.12,2023,10,21
1390,2023-10-22,11.5,295,6.4075,5.0925,5.0925,2023,10,22
1391,2023-10-23,13.78,296,7.1425,6.637499999999999,6.637499999999999,2023,10,23
1392,2023-10-24,8.7,297,4.02,4.68,4.68,2023,10,24
1393,2023-10-25,2.37,298,2.5725,-0.20249999999999968,-0.20249999999999968,2023,10,25
1394,2023-10-26,0.4,299,6.56,-6.159999999999999,-6.159999999999999,2023,10,26
1395,2023-10-27,0.04,300,6.33,-6.29,-6.29,2023,10,27
1396,2023-10-28,0.0,301,5.89,-5.89,-5.89,2023,10,28
1397,2023-10-29,0.3,302,5.235,-4.9350000000000005,-4.9350000000000005,2023,10,29
1398,2023-10-30,1.75,303,7.2075,-5.4575,-5.4575,2023,10,30
1399,2023-10-31,20.05,304,12.4725,7.577500000000001,7.577500000000001,2023,10,31
1400,2023-11-01,25.34,305,14.4875,10.8525,10.8525,2023,11,1
1401,2023-11-02,23.59,306,16.5375,7.052499999999998,7.052499999999998,2023,11,2
1402,2023-11-03,17.72,307,16.5075,1.2124999999999986,1.2124999999999986,2023,11,3
1403,2023-11-04,11.27,308,12.91,-1.6400000000000006,-1.6400000000000006,2023,11,4
1404,2023-11-05,8.52,309,10.344999999999999,-1.8249999999999993,-1.8249999999999993,2023,11,5
1405,2023-11-06,9.17,310,9.0425,0.1274999999999995,0.1274999999999995,2023,11,6
1406,2023-11-07,2.23,311,6.905,-4.675000000000001,-4.675000000000001,2023,11,7
1407,2023-11-08,8.11,312,9.754999999999999,-1.6449999999999996,-1.6449999999999996,2023,11,8
1408,2023-11-09,1.61,313,6.3025,-4.6925,-4.6925,2023,11,9
1409,2023-11-10,19.37,314,8.905000000000001,10.465,10.465,2023,11,10
1410,2023-11-11,17.15,315,6.25,10.899999999999999,10.899999999999999,2023,11,11
1411,2023-11-12,21.45,316,9.68,11.77,11.77,2023,11,12
1412,2023-11-13,19.65,317,17.8925,1.7575000000000003,1.7575000000000003,2023,11,13
1413,2023-11-14,17.07,318,19.97,-2.8999999999999986,-2.8999999999999986,2023,11,14
1414,2023-11-15,16.78,319,19.447499999999998,-2.667499999999997,-2.667499999999997,2023,11,15
1415,2023-11-16,10.35,320,14.635,-4.285,-4.285,2023,11,16
1416,2023-11-17,6.36,321,15.7325,-9.372499999999999,-9.372499999999999,2023,11,17
1417,2023-11-18,17.21,322,18.305,-1.0949999999999989,-1.0949999999999989,2023,11,18
1418,2023-11-19,18.47,323,24.987499999999997,-6.517499999999998,-6.517499999999998,2023,11,19
1419,2023-11-20,20.7,324,25.6525,-4.952500000000001,-4.952500000000001,2023,11,20
1420,2023-11-21,13.51,325,18.27,-4.76,-4.76,2023,11,21
1421,2023-11-22,15.07,326,17.21,-2.1400000000000006,-2.1400000000000006,2023,11,22
1422,2023-11-23,17.8,327,19.25,-1.4499999999999993,-1.4499999999999993,2023,11,23
1423,2023-11-24,21.17,328,21.755000000000003,-0.5850000000000009,-0.5850000000000009,2023,11,24
1424,2023-11-25,26.84,329,20.814999999999998,6.025000000000002,6.025000000000002,2023,11,25
1425,2023-11-26,23.24,330,20.2225,3.0174999999999983,3.0174999999999983,2023,11,26
1426,2023-11-27,24.36,331,17.1925,7.1675,7.1675,2023,11,27
1427,2023-11-28,32.63,332,20.835,11.795000000000002,11.795000000000002,2023,11,28
1428,2023-11-29,33.1,333,24.4625,8.637500000000003,8.637500000000003,2023,11,29
1429,2023-11-30,21.7,334,20.1575,1.5425000000000004,1.5425000000000004,2023,11,30
1430,2023-12-01,19.53,335,20.490000000000002,-0.9600000000000009,-0.9600000000000009,2023,12,1
1431,2023-12-02,9.9,336,17.497500000000002,-7.597500000000002,-7.597500000000002,2023,12,2
1432,2023-12-03,12.46,337,18.2275,-5.767499999999998,-5.767499999999998,2023,12,3
1433,2023-12-04,19.32,338,22.265,-2.9450000000000003,-2.9450000000000003,2023,12,4
1434,2023-12-05,21.62,339,20.695,0.9250000000000007,0.9250000000000007,2023,12,5
1435,2023-12-06,27.56,340,19.8175,7.7425,7.7425,2023,12,6
1436,2023-12-07,25.03,341,22.314999999999998,2.7150000000000034,2.7150000000000034,2023,12,7
1437,2023-12-08,18.9,342,23.81,-4.91,-4.91,2023,12,8
1438,2023-12-09,16.05,343,24.835,-8.785,-8.785,2023,12,9
1439,2023-12-10,16.6,344,21.377499999999998,-4.777499999999996,-4.777499999999996,2023,12,10
1440,2023-12-11,27.98,345,21.025,6.955000000000002,6.955000000000002,2023,12,11
1441,2023-12-12,26.77,346,23.817500000000003,2.952499999999997,2.952499999999997,2023,12,12
1442,2023-12-13,24.59,347,22.572499999999998,2.017500000000002,2.017500000000002,2023,12,13
1443,2023-12-14,27.17,348,22.4225,4.747500000000002,4.747500000000002,2023,12,14
1444,2023-12-15,20.42,349,22.3,-1.879999999999999,-1.879999999999999,2023,12,15
1445,2023-12-16,20.0,350,20.81,-0.8099999999999987,-0.8099999999999987,2023,12,16
1446,2023-12-17,14.33,351,19.384999999999998,-5.054999999999998,-5.054999999999998,2023,12,17
1447,2023-12-18,20.9,352,23.16,-2.2600000000000016,-2.2600000000000016,2023,12,18
1448,2023-12-19,30.79,353,30.905,-0.11500000000000199,-0.11500000000000199,2023,12,19
1449,2023-12-20,28.36,354,31.3675,-3.0075000000000003,-3.0075000000000003,2023,12,20
1450,2023-12-21,26.72,355,27.6425,-0.9224999999999994,-0.9224999999999994,2023,12,21
1451,2023-12-22,24.19,356,23.55,0.6400000000000006,0.6400000000000006,2023,12,22
1452,2023-12-23,23.07,357,29.354999999999997,-6.284999999999997,-6.284999999999997,2023,12,23
1453,2023-12-24,19.12,358,27.7925,-8.6725,-8.6725,2023,12,24
1454,2023-12-25,17.15,359,20.450000000000003,-3.3000000000000043,-3.3000000000000043,2023,12,25
1455,2023-12-26,16.07,360,26.4075,-10.337499999999999,-10.337499999999999,2023,12,26
1456,2023-12-27,12.45,361,25.7,-13.25,-13.25,2023,12,27
1457,2023-12-28,16.27,362,22.2575,-5.987500000000001,-5.987500000000001,2023,12,28
1458,2023-12-29,21.72,363,18.18,3.539999999999999,3.539999999999999,2023,12,29
1459,2023-12-30,24.76,364,20.9625,3.797500000000003,3.797500000000003,2023,12,30
1460,2023-12-31,24.13,365,18.13,6.0,6.0,2023,12,31
